Row.names	baseMean	log2FoldChange	lfcSE	stat	pvalue	padj	A1	A2	A3	A4	B1	B2	B3	B4	C1	C2	C3	C4
ENSSSCG00000000038	117.570731487784	1.85805794729892	0.409999702866367	4.53185193625499	5.84688271159197e-06	0.00201643442376358	93.2504334607296	31.3121429746317	51.509190845513	139.294582307248	475.240017314095	95.9256418456201	34.1737454666574	214.314572047221	39.9307403010633	23.9062827776007	439.794929160007	604.598546555684
ENSSSCG00000000146	905.124253282684	3.00875853619037	0.467592453372712	6.43457462687518	1.23819592892907e-10	3.74829423151917e-07	312.840163868254	209.054601624747	364.526581368246	93.3570072910282	3142.47856410018	1407.19490671744	395.529461419646	6012.31483998243	388.515311037373	111.982061431919	2308.51464674323	1152.05920849182
ENSSSCG00000000232	184.340605817209	2.24611612848122	0.569028156442181	3.94728468714966	7.90425481148832e-05	0.0127426877123668	105.282747455662	55.256722896409	51.509190845513	152.631297634538	314.984662638412	44.5369051426093	36.7051340197432	396.985381778744	215.302234866544	42.7796639178118	882.859709094437	443.815196812304
ENSSSCG00000000297	110.357372809908	1.80242149521421	0.419278092398213	4.29886876489207	1.71672080492818e-05	0.00425035482138488	144.387767939194	17.4979622505295	42.263951462985	122.994152462783	377.613192051897	119.050573361975	86.067210804915	151.027047415827	47.4852046823455	25.5839166567306	255.04836040506	342.827307717289
ENSSSCG00000000588	152.171362232127	-1.6266819898769	0.380605654425019	-4.27393017146403	1.92057206389773e-05	0.00451086085180118	521.901619530213	265.232269902763	640.563014360866	435.666034024798	316.826678209397	21.4119736262545	43.0336054024575	247.396687195449	16.1881379598905	19.2927896099936	204.36567340149	221.907598406152
ENSSSCG00000000660	290.550560739546	2.68524887545206	0.712931625012559	3.76648865226698	0.000165559605296689	0.0211709588044961	302.311889122688	48.8101052251612	34.3394605636753	88.911435515265	292.880475786593	85.6478945050179	34.8065926049289	126.575049262788	168.896239381524	85.1399193658411	3026.24689172927	1214.512245169
ENSSSCG00000000784	688.900234906768	2.22710631955638	0.613930924431116	3.62761709979029	0.000286049052300978	0.0310494280077297	413.610793575817	150.114097201911	385.658557099738	475.676180006668	1020.47662632561	76.226626109466	124.038039101201	555.204193357229	503.990695151258	175.312740369072	3729.26480823039	4173.72315325583
ENSSSCG00000001025	618.547494479349	-2.4244119305007	0.397007721485532	-6.10671228617163	1.01704334882724e-09	2.30911216989986e-06	1871.02482621206	1428.38628687217	3437.90830181719	2027.18072974804	493.660173023944	433.378346195391	106.318319229601	277.602096678615	69.0693886288662	46.1349316760715	493.747466938	348.142459774921
ENSSSCG00000001651	47.4731753526116	1.88621801888084	0.493743773156906	3.82023657092567	0.000133323734218442	0.0191179217830603	30.0807849873321	22.1026891585636	9.24523938252797	51.8650040505712	152.887292391744	27.4073262416057	20.2511084246859	125.136696430256	21.5841839465207	11.7434371539091	148.778210236285	196.660626132398
ENSSSCG00000001727	269.072070678204	-1.80182605412558	0.366681701490932	-4.91386956807317	8.92961679487074e-07	0.000552925930855121	839.253901146567	688.867145441898	960.18414729969	699.436626053418	458.661877175231	203.841988921943	53.7920067530719	247.396687195449	57.1980874582799	14.6792964423864	258.318211179483	235.195478550233
ENSSSCG00000001869	210.785719763046	1.40368718407284	0.310969377425651	4.51390807575078	6.3643811266269e-06	0.00216746954743687	236.134162150557	69.0709036205112	128.112602872173	312.671881562015	994.688408331827	100.208036570871	143.023453249344	599.793131165711	59.8961104515949	45.7155232062891	647.430453335921	605.927334570092
ENSSSCG00000002277	112.358987790409	-3.63580674294521	0.80792013648019	-4.50020562525534	6.78877596806804e-06	0.00228345927469153	697.874211706106	337.986955049701	594.336817448226	244.506447666979	33.1562802777276	22.2684525713047	14.555484180243	87.7395227844326	4.85644138796716	9.22698633521431	3.26985077442384	0
ENSSSCG00000002474	35.4063426916735	-3.9172142579551	0.95820907525952	-4.08805798139009	4.3499944383186e-05	0.00806228561033947	203.045298664492	86.5688658710407	252.262960294692	84.4658637395017	40.524342561667	0	6.32847138271434	21.5752924879752	0	1.67763387912987	0	3.98636404322429
ENSSSCG00000002495	233.9129662198	1.2016369953377	0.283631175699764	4.23661817983538	2.26911513559527e-05	0.00510925965861927	312.840163868254	138.141807241022	216.602751247798	165.968012961828	779.172586526598	168.726352174885	125.303733377744	487.60161022824	131.123917475113	52.4260587228086	706.28776727555	503.610657460669
ENSSSCG00000002812	124.611581227275	3.06275816028027	0.785224886560056	3.9004853421008	9.60000386992731e-05	0.0150692934483508	67.6817662214973	22.1026891585636	22.4527242147108	34.0827169475182	92.1007785492432	10.2777473406022	15.1883313185144	54.6574076362039	119.79222090319	52.4260587228086	689.938513403431	596.625818469235
ENSSSCG00000002960	65.10005105098	2.70231914888281	0.613886800918893	4.40198281643758	1.07266054201361e-05	0.00307627752285903	45.1211774809982	2.76283614482045	14.5282333154011	51.8650040505712	340.7728806322	33.402678856957	53.7920067530719	35.958820813292	30.757462123792	9.64639480499678	410.366272190192	201.975778190031
ENSSSCG00000002993	133.523034245895	-4.33361895642997	0.848359612628738	-5.10823345656656	3.25184717705174e-07	0.000268474473753863	852.790254390866	174.979622505295	1401.3141406946	155.595012151714	145.519230107804	28.2638051866559	6.32847138271434	5.75341133012673	9.71288277593431	1.25822540934741	11.4444777104834	0
ENSSSCG00000002994	107.213888737611	-5.99419432677131	0.683261746031994	-8.77291076455293	1.74106010475709e-18	4.74351825541069e-14	625.680327736509	204.449874716713	936.410674601761	420.847461438921	29.4722491357578	8.56478945050179	2.53138855308574	0	0	1.67763387912987	3.26985077442384	5.31515205763239
ENSSSCG00000003069	53.859266230238	3.40195675812981	0.778827906417063	4.36804681765995	1.253626238894e-05	0.00348520886517012	28.5767457379655	8.28850843446134	0	14.8185725858775	88.4167474072735	179.860578460538	18.985414148143	56.0957604687356	29.678252926466	15.5181133819513	122.619404040894	62.4530366771805
ENSSSCG00000003101	50.3323109935656	2.2235456167994	0.592779447465972	3.75105045612609	0.00017609525506394	0.0220078680009957	13.5363532442995	12.8932353424954	36.9809575301119	35.564574206106	324.194740493336	107.916347076323	10.1255542123429	175.479045568865	19.4257655518686	10.9046202143442	122.619404040894	31.8909123457943
ENSSSCG00000003150	13.2932113052507	7.11198395328417	2.0603425445058	3.45184540903128	0.00055676662145403	0.0490909598754533	0	0	0	0	0	46.2498630327097	0	0	15.6485333612275	6.29112704673703	6.53970154884768	7.97272808644858
ENSSSCG00000003212	45.5157255468634	3.86801617434895	1.06042130219214	3.64762209732382	0.000264678544442829	0.0297982105096896	6.01615699746643	8.28850843446134	7.92449089930969	2.9637145171755	27.630233564773	7.70831050545161	9.49270707407151	0	62.054528846247	17.1957472610812	340.06448054008	83.7136449077101
ENSSSCG00000003521	12.8115539910856	-4.70625617164649	1.24500525553812	-3.78010948203775	0.000156759413186502	0.0205332221743569	94.7544727100962	25.7864706849908	108.301375623899	17.782287103053	5.52604671295459	0	0	10.0684698277218	0	0.838816939564937	0	0
ENSSSCG00000003584	71.7539080456315	3.10040733904918	0.8453095632449	3.66777743191217	0.000244668014017254	0.0283658725187237	15.0403924936661	27.6283614482045	0	19.2641443616407	151.045276820759	17.9860578460538	22.1496498395002	25.8903509855703	41.0099494983893	31.4556352336851	403.826570641344	362.75912793341
ENSSSCG00000003592	250.135762042095	1.60280205288698	0.395027414292453	4.05744511620241	4.96124711601491e-05	0.00898126612289424	201.541259415125	81.9641389630066	89.8108968588431	410.474460628807	661.283589983566	220.115088877896	99.3570007086151	582.532897175331	151.089287625645	30.6168182941202	1312.84508593117	651.106127059967
ENSSSCG00000003637	594.18449786673	1.63416947073908	0.437180793288761	3.73797178610201	0.000185510758399221	0.0228544326119046	479.788520547948	267.074160665977	307.73439658986	626.825620382618	1311.51508654122	328.887914899269	162.641714535759	604.108189663306	503.451090552595	152.245274531036	2506.34061859587	1900.16686060358
ENSSSCG00000003684	135.517277723476	-1.28994351580261	0.3565600741388	-3.61774525349819	0.000297180682218616	0.0321297130438341	251.174554644223	302.991030548642	505.846669072602	299.335166234725	276.30233564773	68.5183156040143	26.5795798074002	181.232456898992	23.7426023411728	21.8092404286884	277.937315826027	164.769713786604
ENSSSCG00000003687	188.593513971016	1.3736860569332	0.384901994538598	3.56892423636283	0.000358450056619884	0.0367141796714615	159.42816043286	42.3634875539135	170.376554335158	324.526739630717	1134.68159172668	120.763531252075	105.052624953058	306.369153329248	67.4505748328772	26.0033251265131	529.715825456662	724.189467852413
ENSSSCG00000003768	100.147315612086	2.19593117621508	0.600569674060769	3.65641368697028	0.000255768476577907	0.0289245579773815	91.746394211363	23.0236345401704	22.4527242147108	82.984006480914	318.668693780382	58.2405682634122	6.96131852098577	770.957118236982	45.3267862876935	16.3569303215163	465.953735355397	171.413653858644
ENSSSCG00000003781	42.1919847571831	-3.16947742246093	0.578909088330979	-5.47491391368319	4.37724352598461e-08	4.77031999461802e-05	300.807849873321	81.0431935813998	200.753769449179	154.113154893126	38.6823269906822	3.42591578020072	3.16423569135717	30.2054094831653	0	4.61349316760715	27.7937315826027	30.5621243313862
ENSSSCG00000003832	81.0965397976527	-3.1724428244153	0.692920397520566	-4.57836547425513	4.68623392643298e-06	0.00170235257767555	275.239182634089	247.734307652233	474.148705475363	244.506447666979	31.3142647067427	56.5276103733118	11.3912484888858	57.5341133012673	1.61881379598905	1.25822540934741	9.80955232327153	30.5621243313862
ENSSSCG00000003894	172.027480047486	2.43325136788662	0.504760170893662	4.82060889150311	1.43120708101786e-06	0.000764573272986894	97.7625512088295	55.256722896409	88.4901483756248	35.564574206106	241.304039799017	396.549751558233	49.3620767851719	526.437136706596	79.3218760034636	47.8125655552014	338.429555152868	403.951556380061
ENSSSCG00000004052	203.367633631993	3.55588187087001	0.791503163178787	4.49256811127462	7.03694017034863e-06	0.00229262525451032	54.1454129771979	35.9168698826658	7.92449089930969	63.7198621192732	1679.9182007382	196.990157361541	253.138855308574	1539.0375308089	17.8069517558796	13.8404795028215	76.8414931989603	57.1378846195482
ENSSSCG00000004193	517.910678921719	4.3559044348874	1.24706039892727	3.49293782292693	0.000477737731728218	0.044575220893614	78.2100409670636	29.4702522114181	7.92449089930969	163.004298444652	55.2604671295459	3.42591578020072	41.7679111259146	74.7943472916475	341.56971095369	156.858767698643	5253.0152691119	3311.33973190498
ENSSSCG00000004205	145.012891323423	1.39504636292985	0.357715100626371	3.8998811078623	9.62399361355491e-05	0.0150692934483508	162.436238931594	41.4425421723067	132.074848321828	177.82287103053	565.498780292353	143.03198382338	56.3233953061576	162.53387007608	77.1634576088115	25.5839166567306	501.92209387406	500.953081431852
ENSSSCG00000004509	39.1990283655603	-3.54017595688589	0.733077093569281	-4.8292000772376	1.37082618018817e-06	0.000746963185584535	169.956435178427	45.126323698734	343.394605636753	163.004298444652	36.8403114196973	7.70831050545161	0	2.87670566506336	1.61881379598905	4.61349316760715	27.7937315826027	10.6303041152648
ENSSSCG00000004830	182.5402868212	3.45308853791931	0.862409946652348	4.00399896977454	6.22806356890885e-05	0.0106719240210642	61.6656092240309	5.5256722896409	44.9054484294216	78.5384347051507	73.6806228393946	25.6943683515054	4.42992996790004	70.4792887940524	180.767540552111	73.396482211932	1298.13075744627	829.163720990652
ENSSSCG00000004894	14.5748520720032	-6.0182321420552	1.27501709648277	-4.72011878009867	2.35706963919614e-06	0.00108844681898134	70.6898447202305	49.7310506067681	122.8296089393	19.2641443616407	3.68403114196973	0	1.8985414148143	0	0	0	0	0
ENSSSCG00000005022	590.701776717687	1.35785799929494	0.343538609763547	3.95256300370295	7.73185623814286e-05	0.0125500766579494	729.459035942804	165.770168689227	427.922508562723	863.922781756658	2606.45203294358	256.087204570004	301.868084955474	834.244642868376	229.331954431782	114.917920720396	2458.92778236673	2289.50174882515
ENSSSCG00000005301	92.7953981541993	1.78380327451812	0.51338837181451	3.47456890816105	0.000511674924768886	0.0464686110844277	40.6090597328984	40.5215967906999	25.0942211811473	134.849010531485	217.357837376214	74.5136682193656	23.4153441160431	153.90375308089	42.0891586957154	21.3898319589059	425.080600675099	438.500044754672
ENSSSCG00000005380	595.861844860565	-1.36914306321508	0.284787483226073	-4.80759564186399	1.52756344033862e-06	0.000785254074189164	2001.87624090695	959.625087634302	2337.72481529636	1477.41168681199	1228.6243858469	174.721704790237	158.84463170613	519.245372543937	153.247706020297	67.9441721047599	1428.92478842322	752.094016154983
ENSSSCG00000005608	87.7979440603743	3.05482891346491	0.713576928864334	4.28100852185161	1.86048232460204e-05	0.00448573813573298	45.1211774809982	8.28850843446134	0	65.201719377861	327.878771635306	18.8425367911039	104.419777814787	385.478559118491	44.7871816890304	19.712198079776	251.778509630636	114.275769239096
ENSSSCG00000005917	83.7188229318158	1.56022260311322	0.380411785899582	4.10140448047284	4.10650019198095e-05	0.00790898981036461	79.7140802164302	49.7310506067681	35.6602090468936	71.129148412212	291.038460215609	92.4997260654194	42.4007582641861	198.492690889372	37.7723219064112	12.1628456236916	209.270449563126	294.990939198598
ENSSSCG00000006218	77.7880112655072	-2.5107583342271	0.623844337509817	-4.0246551635769	5.70588630066307e-05	0.00983904254820034	382.025969339118	184.189076321363	475.469453958581	74.0928629293875	145.519230107804	20.5554946812043	15.8211784567858	28.7670566506336	0.539604598663017	5.45231010717209	143.873434074649	53.1515205763239
ENSSSCG00000006238	95.5371141763045	9.96511342037931	2.73374094179795	3.64522960753749	0.000267153173937511	0.0299530379585494	0	0	0	0	0	0	5.06277710617147	0	76.6238530101485	41.1020300386819	694.843289565066	665.722795218456
ENSSSCG00000006396	68.0989950303091	-2.73403865674958	0.70075797755194	-3.90154481908404	9.55807599736251e-05	0.0150692934483508	300.807849873321	146.430315675484	360.564335918591	247.470162184154	71.8386072684097	35.1156367470574	10.7584013506144	17.2602339903802	0.539604598663017	12.5822540934741	14.7143284849073	15.9454561728972
ENSSSCG00000006474	188.398674631782	1.41460213082525	0.403567487931667	3.50524304639915	0.000456190620198289	0.0434577393262321	162.436238931594	106.829664266391	137.357842254701	176.341013771942	351.824974058109	87.3608523951183	89.8642936345436	657.327244466979	122.490243896505	54.5231010717209	709.557618049974	252.469722737538
ENSSSCG00000006580	17.8319688587798	-5.81655453650361	1.16059782021642	-5.01168831716309	5.39545458927121e-07	0.000380886720487213	103.778708206296	48.8101052251612	87.1693998924066	115.584866169844	5.52604671295459	0	2.53138855308574	0	0	0	0	0
ENSSSCG00000006612	122.697089831823	3.49182301862854	0.915205136482774	3.81534464726451	0.000135992992157016	0.0193985815252246	13.5363532442995	12.8932353424954	50.1884423622947	28.1552879131672	49.7344204165913	19.6990157361541	6.96131852098577	21.5752924879752	32.9158805184441	26.4227335962955	1142.81284566113	1146.74405643419
ENSSSCG00000006970	164.007973903592	1.82758157484731	0.402001798149262	4.54620248780263	5.4622488912557e-06	0.00193271390963976	251.174554644223	37.7587606458795	43.5846999462033	134.849010531485	521.290406588717	144.74494171348	114.54533202713	326.506092984692	96.0496185620171	32.2944521732501	730.811648083729	255.127298766355
ENSSSCG00000007043	320.207062620353	2.30458048565996	0.578110497035512	3.98640138429868	6.7082990791777e-05	0.0112819511365553	242.150319148024	23.9445799217772	204.716014898834	219.314874270987	574.708858147278	107.059868131272	108.849707782687	158.218811578485	171.59426237484	106.529751324747	1878.5292699065	1639.72440977959
ENSSSCG00000007067	171.77503040894	-1.69233312611297	0.386260469899918	-4.38132622411881	1.17959103204377e-05	0.0033131915121683	559.502600764378	364.694371116299	673.581726441323	460.85760742079	279.986366789699	137.036631208029	58.2219367209719	215.752924879752	18.3465563545426	13.0016625632565	135.698807138589	143.509105556074
ENSSSCG00000007146	188.698933593402	3.14938861842597	0.750149461752621	4.19834816793423	2.68869030884027e-05	0.00590752963422203	39.1050204835318	44.2053783171272	5.28299393287312	106.693722618318	769.962508671673	22.2684525713047	24.0481912543145	92.0545812820277	176.99030836147	59.975411178893	964.605978455033	833.150085033877
ENSSSCG00000007157	80.8451520871311	-3.10362088837475	0.544185468491241	-5.70324102365242	1.17550580177391e-08	1.88392091584295e-05	279.751300382189	183.268130939756	556.035111434896	280.071021873085	60.7865138425005	21.4119736262545	27.2124269456717	24.4519981530386	2.69802299331509	2.09704234891234	35.9683585186623	39.8636404322429
ENSSSCG00000007463	47.5677595280855	3.73996345349888	0.967149548987337	3.86699601671204	0.000110184226939864	0.0165854655413072	27.0727064885989	5.5256722896409	2.64149696643656	1.48185725858775	431.031643610458	81.365499779767	20.8839555629573	412.807262936593	5.93565058529319	5.45231010717209	16.3492538721192	5.31515205763239
ENSSSCG00000007541	68.6436113683175	-2.27633888530937	0.543369076846934	-4.18930517452065	2.79809894281062e-05	0.00609873645575003	320.360360115087	73.6756305285453	355.281341985718	327.490454147893	69.9965916974248	8.56478945050179	9.49270707407151	142.396930420637	11.3316965719234	8.80757786543184	52.3176123907815	15.9454561728972
ENSSSCG00000007549	7.90199063556729	-6.94748728211326	1.62409070596207	-4.27777048203583	1.88774510926009e-05	0.00449707815341654	58.6575307252977	11.9722899608886	88.4901483756248	8.8911435515265	0	0	0	0	0	0	0	0
ENSSSCG00000007700	177.182415558507	1.84725638998191	0.392168021812389	4.71036975795446	2.47267773886121e-06	0.00112280174992123	154.916042684761	46.0472690803408	149.244578603666	112.621151652669	790.224679952507	58.2405682634122	87.9657522197293	373.971736458237	65.8317610368881	34.8109029919449	725.906871922093	809.231900774531
ENSSSCG00000007927	336.857130620301	-2.06373334979742	0.596997316470679	-3.45685532055282	0.000546518182541707	0.0488193045355698	1206.23947799202	749.649540627948	1794.89718869364	626.825620382618	149.203261249774	157.592125889233	16.4540255950573	84.8628171193692	117.633802508538	41.1020300386819	668.684483369676	144.837893570483
ENSSSCG00000008051	672.071802880364	2.46042131484361	0.631664058876804	3.89514217291168	9.81411472806235e-05	0.0151923611230715	282.759378880922	111.434391174425	192.829278549869	668.317623623075	771.804524242658	194.420720526391	129.100816207373	257.465157023171	630.797775837067	191.250262220806	4226.28212594281	2859.55180700622
ENSSSCG00000008147	54.0416425520468	-2.69209759002714	0.735272291295086	-3.66136140569823	0.000250878565443466	0.0287305502728397	103.778708206296	172.216786360475	170.376554335158	330.454168665068	71.8386072684097	5.99535261535125	7.59416565925721	148.150341750763	0.539604598663017	2.51645081869481	22.8889554209669	11.9590921296729
ENSSSCG00000008183	39.1644046904983	3.21821192849542	0.903905220122938	3.56034223152038	0.000370371781496229	0.0375121902857426	16.5444317430327	0	0	35.564574206106	60.7865138425005	68.5183156040143	3.7970828296286	54.6574076362039	19.9653701505316	13.8404795028215	174.937016431676	152.810621656931
ENSSSCG00000008190	220.276368244022	1.08369519361689	0.282199814619011	3.84016975730459	0.00012294926304696	0.0181067711984564	335.400752608753	103.145882739963	180.942542200905	288.962165424611	1055.47492217433	100.208036570871	93.6613764641722	568.149368850014	63.133738043573	50.3290163738962	879.589858320013	617.886426699765
ENSSSCG00000008197	203.779395391619	-2.18750432525622	0.424585072079129	-5.15209899995858	2.57586984785596e-07	0.000219311168765112	673.80958371624	313.121429746317	1355.08794378196	563.105758263345	272.61830450576	154.166210109032	31.0095097753003	230.136453205069	13.4901149665754	13.8404795028215	199.460897239854	116.933345267913
ENSSSCG00000008314	34.4480699542242	-3.11921179499217	0.884004794333845	-3.52850099341678	0.000417920378505668	0.0402340661215086	121.827179198695	61.7033405676567	285.281672375149	99.2844363253792	9.21007785492432	23.1249315163548	5.06277710617147	4.31505849759505	1.07920919732603	1.67763387912987	0	27.90454830257
ENSSSCG00000008397	61.8865318575216	-1.97085965726388	0.452695371962835	-4.35361123467743	1.33913098143529e-05	0.00368531551406107	269.223025636623	146.430315675484	142.640836187574	253.397591218505	79.2066695523492	10.2777473406022	25.3138855308574	70.4792887940524	7.01485978261923	8.80757786543184	53.9525377779934	43.8500044754672
ENSSSCG00000008406	586.061855879715	1.51897808381422	0.401002737722149	3.78794941012774	0.000151895767618341	0.0204913000541706	690.354015459273	223.789727730456	287.923169341585	683.136196208953	2422.2504758451	224.397483603147	187.955600066616	914.79240149015	170.515053177514	131.694259511695	2890.54808459068	2896.75787140965
ENSSSCG00000008722	312.71563802711	1.82665524633934	0.45221990877349	4.03930744954063	5.36092566210083e-05	0.00951156105210517	344.424988104953	69.0709036205112	188.867033100214	265.252449287207	539.710562298565	184.142973185789	121.506650548115	316.43762315697	242.822069398358	71.2994398630197	1209.84478653682	1291.58195000467
ENSSSCG00000008745	86.083629277453	-2.55740688340193	0.550276442937747	-4.64749475690577	3.35990631061341e-06	0.00138697950655549	181.988749173359	265.232269902763	376.41331771721	352.682027543884	14.7361245678789	23.981410461405	13.2897899037001	70.4792887940524	5.39604598663017	10.4852117445617	134.063881751377	54.480308590732
ENSSSCG00000008749	203.284716751963	2.2188943650472	0.333497959671099	6.65339712193593	2.86404034955784e-11	1.12146855209136e-07	102.274668956929	35.9168698826658	83.2071544427517	220.796731529575	617.07521627993	141.31902593328	134.796440451815	614.176659491028	100.906059949984	36.0691284012923	770.049857376815	628.51673081503
ENSSSCG00000008769	62.9542342901845	6.96815413214894	1.84085116927632	3.78528924469667	0.000153529901955686	0.0204913000541706	0	2.76283614482045	0	0	11.0520934259092	0.856478945050179	7.59416565925721	0	60.975319648921	18.4539726704286	482.302989227517	413.253072480918
ENSSSCG00000008799	292.170616020164	2.84039225865445	0.637421108948918	4.4560687099587	8.34762872960383e-06	0.00264454819462856	118.819100699962	16.5770168689227	200.753769449179	90.3932927738527	228.409930802123	196.133678416491	38.6036754345575	297.739036334058	194.797260117349	124.144907055611	2588.08688795647	635.16067088707
ENSSSCG00000009045	46.118794950813	6.90179243493238	1.45029794798753	4.75887899069946	1.9467109402893e-06	0.000982187769781147	0	0	3.96224544965484	0	25.7882179937881	0	1.26569427654287	23.0136453205069	33.9950897157701	23.9062827776007	379.302689833166	237.853054579049
ENSSSCG00000009222	113.358234971996	2.64389747264327	0.608466478431953	4.34518180764324	1.39160357002248e-05	0.00371341695711628	79.7140802164302	7.36756305285453	27.7357181475839	88.911435515265	252.356133224926	19.6990157361541	34.8065926049289	460.272906410138	38.8515311037373	31.8750437034676	1095.40000943199	220.578810391744
ENSSSCG00000009300	54.7566856439849	2.19204475810643	0.610380789719432	3.5912741603713	0.000329065253301892	0.0345804291844537	28.5767457379655	23.0236345401704	9.24523938252797	44.4557177576325	108.678918688107	10.2777473406022	26.5795798074002	247.396687195449	16.7277425585535	14.2598879726039	384.207465994801	136.865165484034
ENSSSCG00000009619	848.15411770804	25.2708589372182	3.22291990973917	7.8409826011666	4.4703438537945e-15	4.05981727655437e-11	0	0	0	0	0	1.71295789010036	0	0	1147.73898135624	207.607192542322	11621.0496523023	1246.40315751479
ENSSSCG00000009859	74.7748080638775	3.50522645315224	0.676823308545119	5.17893874058058	2.23151726758144e-07	0.000202658959850854	58.6575307252977	3.68378152642726	3.96224544965484	10.3730008101142	62.6285294134854	89.9302892302688	34.8065926049289	138.081871923041	58.2772966556059	23.9062827776007	186.381494142159	281.703059054517
ENSSSCG00000009867	31.9633965659116	8.38271563257241	1.67330551954848	5.00967428520428	5.45222319655031e-07	0.000380886720487213	0	0	0	0	0	0	35.4394397432003	17.2602339903802	26.9802299331509	10.4852117445617	291.016718923722	45.1787924898753
ENSSSCG00000009972	108.597906236807	-1.25234438308488	0.310744685781016	-4.03013934071722	5.57437984608833e-05	0.00967350184118959	339.912870356853	130.774244188168	357.922838952154	434.184176766211	252.356133224926	71.9442313842151	27.8452740839431	106.438109607344	25.3614161371618	13.0016625632565	263.222987341119	75.7409168212615
ENSSSCG00000010053	365.147937368696	1.74681224640299	0.440600091395844	3.96462070824587	7.35127407942257e-05	0.012250849239584	272.231104135356	129.853298806561	203.395266415615	391.210316267166	985.478330476902	157.592125889233	105.052624953058	375.410089290769	226.633931438467	80.526426198234	2333.03852755141	1334.10316646573
ENSSSCG00000010128	133.614310928151	3.155386371345	0.643928575563838	4.90021174876744	9.57334194988813e-07	0.000567012394401526	109.794865203762	5.5256722896409	29.0564666308022	28.1552879131672	180.517525956517	57.384089318362	29.110968360486	138.081871923041	120.331825501853	45.7155232062891	874.685082158378	437.171256740264
ENSSSCG00000010143	109.565058007862	1.50694222628515	0.430943686066193	3.49684256901651	0.000470799582417576	0.0442576685902901	133.859493193628	22.1026891585636	83.2071544427517	137.812725048661	344.45691177417	69.3747945490645	41.1350639876432	162.53387007608	63.6733426422361	26.4227335962955	258.318211179483	487.665201287772
ENSSSCG00000010212	189.177705490225	-1.51957370830627	0.422251556356628	-3.59874033720047	0.000319762260760432	0.0341654473959743	807.669076909868	225.63161849367	863.769508024756	477.158037265255	152.887292391744	125.902404922376	58.2219367209719	197.05433805684	28.0594391304769	25.5839166567306	498.652243099636	86.3712209365263
ENSSSCG00000010278	338.064737375509	3.29175200964449	0.757004328770305	4.34839258448058	1.37138957377173e-05	0.00371341695711628	135.363532442995	72.7546851469385	39.6224544965484	63.7198621192732	460.503892746216	47.1063419777599	37.3379811580146	57.5341133012673	216.921048662533	134.630118800172	2244.75255664197	2098.15627475038
ENSSSCG00000010554	152.875471509625	-1.71521381020283	0.485755863681793	-3.53102028908585	0.000413959993554089	0.0399941135616353	394.058283334051	250.497143797054	839.996035326827	417.883746921745	244.988070940987	30.8332420218065	17.7197198716002	138.081871923041	24.2822069398358	17.6151557308637	621.27164714053	91.6863729941587
ENSSSCG00000010647	23.6800945298865	7.9506757215301	1.59980940688715	4.96976432773967	6.70343290622561e-07	0.000456587573825292	0	0	0	0	9.21007785492432	17.1295789010036	1.8985414148143	0	31.836671321118	3.35526775825975	130.794030976954	134.207589455218
ENSSSCG00000010650	75.4976980056494	2.05316001383468	0.549459815862435	3.73668820641966	0.000186459897293573	0.0228544326119046	88.7383157126298	19.3398530137431	15.8489817986194	57.7924330849222	88.4167474072735	53.9581735381613	36.7051340197432	500.546785721025	29.678252926466	10.9046202143442	297.55642047257	176.728805916277
ENSSSCG00000010651	263.302098369809	-1.61726897654887	0.372625408435067	-4.34020047999678	1.42352781789731e-05	0.00371341695711628	1090.42845579079	341.670736576129	1347.16345288265	557.178329228994	244.988070940987	134.467194372878	63.9175609654148	169.725634238738	56.1188782609538	28.5197759452079	479.033138453093	384.01973616394
ENSSSCG00000010893	145.700016688568	-2.56725792814172	0.457119690966057	-5.6161613224672	1.95246382671838e-08	2.65974384794712e-05	818.197351655434	232.999181546524	627.355529528684	689.063625243304	222.883884089169	59.0970472084624	18.985414148143	102.123051109749	18.3465563545426	2.93585928847728	271.397614277179	25.2469722737538
ENSSSCG00000011020	185.491101475697	1.90209830981908	0.5235723144664	3.63292377626501	0.000280227818515289	0.0307855117558429	133.859493193628	65.3871220940839	96.4146392749345	155.595012151714	281.828382360684	54.8146524832115	63.9175609654148	349.519738305199	162.960588796231	51.1678333134612	1312.84508593117	239.181842593457
ENSSSCG00000011033	1105.4829774288	1.58815554771108	0.301307461356351	5.27088025156072	1.35771032300364e-07	0.000132110063393693	1290.46567595655	477.049707672331	405.469784348012	1155.84866169844	3276.94570078207	574.69737212867	537.287220392447	3997.18252160554	493.738207776661	252.483898809046	4270.42511139754	2864.86695906386
ENSSSCG00000011038	447.541073512033	2.12831548097435	0.602121327555902	3.53469539040162	0.000408245481974154	0.0397237434156636	225.605887404991	22.1026891585636	101.697633207808	804.648491413148	1888.06596025949	88.2173313401685	159.477478844401	589.72466133799	169.435843980187	123.725498585828	2839.86539758711	1963.94868529517
ENSSSCG00000011056	194.155559230705	1.0577699263289	0.251771900317111	4.20130254804693	2.65383649741683e-05	0.00587835572131068	249.670515394857	92.0945381606816	196.791523999524	263.770592028619	810.48685123334	108.772826021373	79.7387394222007	489.039963060772	79.3218760034636	35.6497199315098	671.954334144099	580.680362296338
ENSSSCG00000011110	191.343740852477	-3.15839984206935	0.590744777610137	-5.34647103415232	8.96856258080393e-08	9.39801875053858e-05	779.092331171902	480.733489198758	754.147383917639	1172.14909154291	99.4688408331827	100.208036570871	24.6810383925859	245.958334362918	5.93565058529319	2.93585928847728	35.9683585186623	38.5348524178348
ENSSSCG00000011127	108.233086854643	1.07130433550452	0.303306005709587	3.53209074445524	0.00041228784990272	0.0399743148419915	142.883728689828	37.7587606458795	129.433351355392	146.703868600187	333.40481834826	119.907052307025	46.8306882320861	340.889621310009	29.1386483278029	28.9391844149903	395.651943705285	166.098501801012
ENSSSCG00000011171	33.7704304314706	-2.0604425327888	0.551528703171826	-3.73587543302688	0.000187063258302614	0.0228544326119046	136.867571692361	76.4384666733657	114.90511803999	130.403438755722	145.519230107804	11.1342262856523	3.16423569135717	20.1369396554435	5.39604598663017	1.67763387912987	26.1588061953907	27.90454830257
ENSSSCG00000011234	19.6080399242248	3.5627306689967	0.97440203847926	3.65632513921771	0.000255856798405174	0.0289245579773815	12.0323139949329	3.68378152642726	0	0	84.7327162653038	4.2823947252509	19.6182612864145	83.4244642868376	2.15841839465207	10.0658032747792	40.873134680298	45.1787924898753
ENSSSCG00000011322	46.3174433401498	2.96525219099025	0.723978398988213	4.09577439759847	4.2075952704663e-05	0.00790898981036461	4.51211774809982	5.5256722896409	31.6979635972387	14.8185725858775	86.5747318362886	61.6664840436129	3.7970828296286	46.0272906410138	21.0445793478577	16.7763387912987	204.36567340149	241.839418622274
ENSSSCG00000011355	1661.18252515799	-3.50303314926157	0.596077559916658	-5.87680762508717	4.18253784509445e-09	7.59688290597322e-06	8643.71356610989	3997.82390155519	10278.0646964047	5530.29128904948	902.587629782584	1073.16811814787	160.110325982673	678.902536954954	55.5792736622908	23.9062827776007	194.556121078219	233.866690535825
ENSSSCG00000011440	36.8208583368654	3.81801245834286	0.861688175301081	4.43085163262084	9.38616552880701e-06	0.00290597817991303	12.0323139949329	0	10.5659878657462	7.40928629293875	9.21007785492432	11.9907052307025	25.9467326691288	37.3971736458237	24.2822069398358	13.8404795028215	246.873733469	124.906073354361
ENSSSCG00000011489	16.114007617605	7.38790684299141	2.03279412580194	3.63436058242094	0.000278670897854151	0.0307855117558429	0	0	0	0	0	0	25.9467326691288	11.5068226602535	21.0445793478577	8.38816939564937	8.1746269360596	0
ENSSSCG00000011579	46.6334673514022	5.05875065435085	1.01950110088709	4.96198645587445	6.97758622120067e-07	0.000463669113650274	6.01615699746643	1.84189076321363	0	7.40928629293875	14.7361245678789	15.4166210109032	22.1496498395002	2.87670566506336	26.4406253344879	23.0674658380358	325.350152055172	221.907598406152
ENSSSCG00000011726	28.1933749001185	4.4436806046784	1.25230363175053	3.54840510880481	0.000387571620155299	0.0388885699548565	15.0403924936661	0	0	1.48185725858775	49.7344204165913	0	18.985414148143	5.75341133012673	14.0297195652385	24.7450997171656	142.238508687437	42.5212164610591
ENSSSCG00000011750	130.415598978974	1.32068945565006	0.363860454891638	3.62965922208659	0.000283795634249744	0.0309280482205371	169.956435178427	18.4189076321363	161.13131495263	155.595012151714	653.915527699627	77.9395839995663	67.7146437950434	297.739036334058	36.6931127090852	32.7138606430326	513.366571584543	333.525791616432
ENSSSCG00000011833	195.612320048929	-1.72338547106327	0.368837644071105	-4.67247716919869	2.97588604826115e-06	0.00128741460799706	785.108488169369	224.710673112063	1077.73076230612	514.204468729949	403.401410045685	89.0738102852186	53.7920067530719	287.670566506336	14.5693241639015	17.1957472610812	412.001197577404	119.590921296729
ENSSSCG00000011867	200.400667746079	1.63797356684238	0.40563212661714	4.03807652145955	5.3891274964707e-05	0.00951156105210517	252.67859389359	54.3357775148021	81.8864059595334	240.060875891215	384.981254335837	163.587478504584	86.7000579431865	880.271933509389	85.2575265887568	58.7171857695456	912.288366064252	223.23638642056
ENSSSCG00000011885	15.6069723058573	7.33740287786579	1.78556036906231	4.10929980581896	3.96860581109236e-05	0.00783512067559503	0	0	0	0	0	9.42126839555197	15.8211784567858	46.0272906410138	3.77723219064112	16.3569303215163	17.9841792593311	0
ENSSSCG00000012060	19.7347096962788	7.68490829870237	1.97591341165321	3.88929406186506	0.000100536239808109	0.0153882576043367	0	0	0	0	0	3.42591578020072	0	0	40.4703448997263	5.03290163738962	98.0955232327152	49.1651565330996
ENSSSCG00000012121	40.9187573232623	5.17509769306096	1.25807225079439	4.11351390175978	3.89681562349919e-05	0.0078065251222232	0	5.5256722896409	0	1.48185725858775	224.725899660153	12.8471841757527	15.1883313185144	653.012185969384	0.539604598663017	1.67763387912987	11.4444777104834	54.480308590732
ENSSSCG00000012126	54.1584140565435	2.1325936708595	0.610086864772378	3.49555742632676	0.000473072643100107	0.0442916294201458	43.6171382316316	16.5770168689227	6.60374241609141	51.8650040505712	174.991479243562	7.70831050545161	38.6036754345575	113.629873770003	17.8069517558796	25.1645081869481	212.54030033755	152.810621656931
ENSSSCG00000012571	65.7186578723596	-2.4995716375251	0.581101463244598	-4.30143752102888	1.69693623805006e-05	0.00425035482138488	222.597808906258	153.797878728338	244.338469395382	358.609456578235	75.5226384103794	9.42126839555197	14.555484180243	129.451754927851	0.539604598663017	6.29112704673703	52.3176123907815	25.2469722737538
ENSSSCG00000012572	124.809420472367	-1.94484677052034	0.395013372366017	-4.92349602969456	8.50116024251669e-07	0.000538637466993877	437.675421565683	202.6079839535	624.714032562247	428.25674773186	200.77969723735	38.5415525272581	7.59416565925721	123.698343597725	23.2029977425098	14.2598879726039	140.603583300225	191.345474074766
ENSSSCG00000012638	13.8003989260344	4.0263521066292	1.09614796567437	3.67318303067972	0.000239547771662729	0.0278909360638934	10.5282747455663	0	0	0	106.836903117122	17.9860578460538	6.96131852098577	61.8491717988623	5.93565058529319	4.61349316760715	11.4444777104834	11.9590921296729
ENSSSCG00000012699	126.815807126074	3.0311335267282	0.614818320494248	4.93012882942639	8.21754072880119e-07	0.000533064040848068	27.0727064885989	4.60472690803408	48.8676938790764	91.8751500324405	147.361245678789	89.9302892302688	39.8693697111003	437.259261089631	76.6238530101485	23.9062827776007	1255.62269737876	156.796985700155
ENSSSCG00000012780	83.3370086398944	-3.19208640605163	0.716826394655678	-4.4530815687736	8.46465789487842e-06	0.00265080004995359	327.88055636192	184.189076321363	604.902805313973	240.060875891215	117.888996543031	28.2638051866559	10.1255542123429	2.87670566506336	6.47525518395621	7.9687609258669	34.3334331314503	2.65757602881619
ENSSSCG00000012838	77.914972432561	1.70746174749259	0.448501123067107	3.80704007119534	0.000140639964454099	0.0196137420800472	70.6898447202305	21.1817437769568	15.8489817986194	127.439724238546	372.087145338943	64.2359208787635	31.0095097753003	247.396687195449	34.5346943144331	26.0033251265131	230.524479596881	114.275769239096
ENSSSCG00000013260	243.298530649366	-1.43651213252945	0.388909963571866	-3.69368817228566	0.000221024815482053	0.0261818308600371	815.189273156701	466.919308474656	627.355529528684	899.487355962764	456.819861604246	276.642699251208	45.5649939555433	376.848442123301	38.8515311037373	16.7763387912987	291.016718923722	166.098501801012
ENSSSCG00000013278	56.3206577338395	2.30101195225116	0.604937645023046	3.80371757516181	0.00014254068386307	0.0196137420800472	33.0888634860654	11.9722899608886	33.018712080457	32.6008596889305	246.830086511972	121.620010197125	25.3138855308574	359.588208132921	10.7920919732603	2.93585928847728	107.905075555987	77.0697048356696
ENSSSCG00000013302	86.3027684962564	3.04283371420978	0.657408918123278	4.62852515432288	3.68279136005185e-06	0.00147555368536195	54.1454129771979	23.9445799217772	3.96224544965484	11.854858068702	314.984662638412	58.2405682634122	8.85985993580008	274.725391013551	23.2029977425098	23.4868743078182	745.525976568636	276.387906996884
ENSSSCG00000013388	126.290962394816	2.03322132610049	0.574108628029073	3.54152720728232	0.000397817829204993	0.0392700969445292	188.004906170826	25.7864706849908	17.1697302818377	90.3932927738527	368.403114196973	30.8332420218065	43.0336054024575	198.492690889372	83.0991081941047	31.0362267639027	523.176123907815	599.283394498052
ENSSSCG00000013570	64.1193497033953	1.81023922155187	0.409032179925109	4.42566455745197	9.61458304751014e-06	0.00291054794588237	49.633295229098	13.8141807241022	46.2261969126398	68.1654338950365	198.937681666365	92.4997260654194	25.9467326691288	113.629873770003	24.2822069398358	10.4852117445617	230.524479596881	247.154570679906
ENSSSCG00000013779	516.497722408312	1.34647896185362	0.333355400138998	4.03916949085624	5.36407946624118e-05	0.00951156105210517	687.345936960539	218.264055440815	488.676938790764	386.764744491403	1504.92672149463	450.507925096394	191.119835757973	648.697127471789	327.539991388452	127.919583283653	1505.76628162218	1618.46380154906
ENSSSCG00000013842	75.7270870989837	9.6297431804853	2.72204632080065	3.53768527261977	0.00040365088438626	0.039559238651452	0	0	0	0	7.36806228393946	0	0	0	75.0050392141594	32.7138606430326	513.366571584543	478.363685186915
ENSSSCG00000013886	74.5420243809126	2.06239081898754	0.57361335297746	3.59543725452392	0.000323847178651395	0.0341985131099119	64.6736877227641	30.3911975930249	36.9809575301119	22.2278588788162	141.835198965835	47.96282092281	21.5168027012288	53.2190548036722	53.4208552676387	23.4868743078182	304.096122021417	320.237911472351
ENSSSCG00000014048	368.338231343987	2.4037693791577	0.661510216151472	3.63376002436111	0.000279320672944452	0.0307855117558429	266.214947137889	111.434391174425	69.9996696105689	203.014444426522	436.557690323413	127.615362812477	55.0577010296148	152.465400248358	274.119136120813	106.110342854965	1170.60657724374	2722.68664152219
ENSSSCG00000014157	37.2208006012066	4.01784449412518	1.0506433893242	3.82417529577716	0.000131210539992322	0.0189945158478036	9.02423549619964	8.28850843446134	0	0	7.36806228393946	11.9907052307025	5.06277710617147	57.5341133012673	31.297066722455	18.8733811402111	161.85761333398	174.071229887461
ENSSSCG00000014221	7.41367319449631	6.26665967332423	1.81682358764344	3.44923949465702	0.000562167863994947	0.0492809307878098	0	0	0	0	16.5781401388638	10.2777473406022	2.53138855308574	48.9039963060772	0	5.87171857695456	17.9841792593311	0
ENSSSCG00000014410	62.6689892632402	-2.93771733909916	0.621660767051803	-4.7255955254039	2.29441943180439e-06	0.00108055602625665	248.16647614549	192.477584755825	273.394936026184	219.314874270987	51.5764359875762	5.13887367030108	5.06277710617147	43.1505849759505	12.4109057692494	6.7105355165195	55.5874631652053	2.65757602881619
ENSSSCG00000014817	1000.32932172321	1.42789519100124	0.414320527451781	3.44635396122732	0.000568205583319496	0.0496178240946784	924.984138360463	470.603090001083	784.524599031659	1026.92708020131	2263.8371367404	510.461451249907	216.43372128883	1206.77802649408	587.629407944026	266.74378678165	4375.0603361791	4351.78074718652
ENSSSCG00000014834	29.0675933018539	6.85273571398816	1.82980067574567	3.74507223919107	0.000180341876775779	0.022435682341352	3.00807849873321	0	0	0	12.8941089968941	0	0	0	30.757462123792	11.3240286841267	150.413135623497	207.290930247663
ENSSSCG00000014851	192.589985855751	1.4260524623733	0.406748364730267	3.50598204203964	0.000454925912191482	0.0434577393262321	210.565494911325	58.9405044228362	87.1693998924066	328.97231140648	946.79600348622	176.434662680337	74.0431151777578	247.396687195449	104.143687541962	23.0674658380358	585.303288621868	736.148559982086
ENSSSCG00000014894	64.7097138039908	-2.6798857435664	0.692328542483422	-3.87082949657614	0.000108465639853952	0.0164174797656717	303.815928372055	73.6756305285453	520.374902388003	155.595012151714	69.9965916974248	10.2777473406022	6.96131852098577	107.876462439876	11.8713011705864	5.87171857695456	4.90477616163576	10.6303041152648
ENSSSCG00000014909	217.354226391111	1.73431646356704	0.357858183180274	4.84637922250156	1.2573507316343e-06	0.000699112667007684	115.811022201229	116.960063464066	92.4523938252797	219.314874270987	823.380960230234	115.624657581774	186.689905790073	598.35477833318	76.6238530101485	38.5855792199871	797.843588959417	582.009150310746
ENSSSCG00000014960	241.309590011583	-1.25600084870092	0.333062341965834	-3.77106832699134	0.000162550153942829	0.0210889473532019	949.048766350329	284.572122916506	762.071874816948	841.694922877842	386.823269906822	103.633952351072	86.067210804915	550.889134859634	51.2624368729867	26.842142066078	503.557019261272	118.262133282321
ENSSSCG00000015086	96.0665394474277	-3.93391522981466	0.844239916668881	-4.65971242551135	3.16651461706768e-06	0.00134799516784389	315.848242366988	330.619391996847	598.299062897881	312.671881562015	46.0503892746216	2.56943683515054	3.16423569135717	18.6985868229119	11.3316965719234	10.9046202143442	8.1746269360596	0
ENSSSCG00000015111	141.900216369948	1.5993163453863	0.457297891995648	3.49731842936534	0.000469960505441428	0.0442576685902901	135.363532442995	52.4938867515885	54.1506878119495	192.641443616407	307.616600354472	80.5090208347168	58.8547838592434	163.972222908612	112.777361120571	33.97208605238	550.969855490417	439.82883276908
ENSSSCG00000015116	133.211274063527	1.82443714106819	0.484066224292987	3.76898252658077	0.000163914360705898	0.0211651505091573	203.045298664492	34.0749791194522	60.7544302280409	71.129148412212	235.777993086063	61.6664840436129	36.0722868814717	333.69785714735	84.7179219900937	41.5214385084644	822.367469767596	285.689423097741
ENSSSCG00000015125	112.588556888729	-3.07423133114363	0.749506990199711	-4.10167132707392	4.10176630679487e-05	0.00790898981036461	508.365266285913	282.730232153292	474.148705475363	571.996901814871	9.21007785492432	88.2173313401685	8.85985993580008	41.7122321434188	4.85644138796716	7.9687609258669	4.90477616163576	55.8090966051401
ENSSSCG00000015126	174.567920848915	-3.81261718591149	0.829475155820196	-4.59642119376261	4.29809428923402e-06	0.00160413121794768	637.712641731441	581.116535793901	730.373911219709	985.435076960854	60.7865138425005	102.777473406022	8.85985993580008	92.0545812820277	2.15841839465207	1.25822540934741	0	37.2060644034267
ENSSSCG00000015144	67.2149357205674	-2.01037336965666	0.51800213230609	-3.88101369526549	0.000104021982401342	0.0158328430755562	215.077612659425	194.319475519038	136.037093771483	296.37145171755	75.5226384103794	17.9860578460538	18.985414148143	106.438109607344	2.69802299331509	12.1628456236916	67.0319408756887	35.8772763890186
ENSSSCG00000015311	19.6342893383087	3.2337764154302	0.784685932453058	4.12110920011128	3.77052640388122e-05	0.00772390916343939	3.00807849873321	4.60472690803408	0	11.854858068702	58.9444982715157	41.9674683074588	10.1255542123429	50.3423491386089	9.1732781772713	2.51645081869481	104.635224781563	25.2469722737538
ENSSSCG00000015335	80.8829964764968	2.40205253009982	0.562421189674138	4.270913995064	1.94673478032348e-05	0.00453322983674472	75.2019624683304	14.7351261057091	22.4527242147108	44.4557177576325	279.986366789699	48.8192998678602	10.7584013506144	128.01340209532	37.7723219064112	20.9704234891234	264.857912728331	531.515205763239
ENSSSCG00000015504	118.488175729336	2.33963752040536	0.617712799298122	3.78758141819917	0.000152120844398688	0.0204913000541706	87.2342764632632	36.8378152642726	14.5282333154011	82.984006480914	123.415043255986	94.2126839555197	62.651866688872	109.314815272408	57.7376920569429	10.9046202143442	714.462394211609	692.298555506618
ENSSSCG00000015716	104.851006402788	5.05623118767521	1.07008518757083	4.72507352349508	2.30032114233386e-06	0.00108055602625665	6.01615699746643	9.20945381606816	0	11.854858068702	23.9462024228032	9.42126839555197	4.42992996790004	12.9451754927851	104.683292140625	23.9062827776007	1126.46359178901	503.610657460669
ENSSSCG00000016083	274.548704631974	4.25228785795136	0.711533883621891	5.97622679092403	2.28365030446929e-09	4.78600404194353e-06	88.7383157126298	20.26079839535	13.2074848321828	29.637145171755	162.097370246668	98.4950786807706	57.5890895827005	104.999756774813	195.876469314675	102.335666626922	1767.35434357609	1621.12137757788
ENSSSCG00000016174	921.189016848991	2.43589271664032	0.336307566942664	7.24305057654445	4.38703214657128e-13	2.98811727083336e-09	776.084252673169	103.145882739963	352.639845019281	585.333617142161	3367.20446376033	434.234825140441	489.190837883819	2774.58261395361	282.752809699421	364.465960240965	3811.01107759099	2657.57602881619
ENSSSCG00000016245	143.969511647716	5.82360955547165	1.47271040631546	3.95434807175811	7.67436185543701e-05	0.0125500766579494	16.5444317430327	5.5256722896409	0	2.9637145171755	23.9462024228032	0	14.555484180243	17.2602339903802	178.609122157459	77.1711584399742	779.859409700086	559.419754065809
ENSSSCG00000016290	13.8315805342659	4.02870813119874	1.10036086686041	3.66126082136454	0.000250977095428	0.0287305502728397	9.02423549619964	0	0	1.48185725858775	33.1562802777276	15.4166210109032	14.555484180243	99.2463454446861	1.07920919732603	4.61349316760715	29.4286569698146	9.30151610085668
ENSSSCG00000016381	451.36249076598	1.69239420111235	0.427110981694093	3.96242258721523	7.41930675181267e-05	0.012250849239584	437.675421565683	130.774244188168	434.526250978815	283.03473639026	1679.9182007382	1085.15882337858	257.568785276474	1188.07943967117	159.722961204253	46.9737486156365	1196.76538343913	415.910648509734
ENSSSCG00000016431	14.3120199906187	3.6978533149889	1.05753247914092	3.49668061069181	0.000471085479580992	0.0442576685902901	12.0323139949329	0	1.32074848321828	0	53.4184515585611	8.56478945050179	25.3138855308574	8.63011699519009	3.77723219064112	2.93585928847728	45.7779108419338	42.5212164610591
ENSSSCG00000016437	308.715036822962	1.79942518862374	0.380704771486017	4.72656326738429	2.28351666021743e-06	0.00108055602625665	233.126083651824	131.695189569775	200.753769449179	203.014444426522	1291.25291526039	268.934388745756	201.878237108587	1434.03777403409	159.722961204253	51.5872417832436	879.589858320013	217.921234362928
ENSSSCG00000016452	109.435842236119	1.60551765302882	0.453116787831632	3.54327558842379	0.000395189490794917	0.0392700969445292	100.770629707563	49.7310506067681	26.4149696643656	146.703868600187	528.658468872656	45.3933840876595	62.651866688872	159.657164411017	53.4208552676387	31.4556352336851	271.397614277179	376.047008077491
ENSSSCG00000016614	72.1493939018772	-4.55139910793319	0.92719723487312	-4.90877122660532	9.16488133909856e-07	0.000554882649074978	529.421815777046	165.770168689227	409.432029797667	287.480308166023	34.9982958487124	0	8.85985993580008	10.0684698277218	4.85644138796716	2.93585928847728	0	0
ENSSSCG00000016618	55.1414790193354	2.38510718976683	0.686729214514012	3.47314070722145	0.000514405594283395	0.0465613967317312	16.5444317430327	4.60472690803408	23.7734726979291	68.1654338950365	213.673806234244	3.42591578020072	61.3861724123291	174.040692736334	17.2673471572166	13.0016625632565	309.000898183053	89.0287969653425
ENSSSCG00000016742	182.785093448424	2.32695688339285	0.583614504040697	3.98714711043334	6.68725639089444e-05	0.0112819511365553	112.802943702496	53.4148321331953	68.6789211273506	102.248150842555	278.144351218715	62.5229629886631	20.8839555629573	192.739279559245	139.217986455059	62.4918619975878	1075.78090478544	787.971292544001
ENSSSCG00000016816	68.9955467179861	2.6709408531545	0.746299927556708	3.57891077639364	0.000345029228124029	0.0358790890085464	19.5525102417659	23.9445799217772	10.5659878657462	38.5282887232815	60.7865138425005	3.42591578020072	41.1350639876432	191.300926726714	57.7376920569429	25.5839166567306	421.810749900676	85.0424329221182
ENSSSCG00000016859	34.1521022988051	3.52646964123511	0.820440855508177	4.29826186441048	1.72142715203422e-05	0.00425035482138488	24.0646279898657	5.5256722896409	0	0	217.357837376214	17.1295789010036	11.3912484888858	53.2190548036722	14.5693241639015	12.1628456236916	215.810151111974	90.3575849797506
ENSSSCG00000017012	215.522470849856	2.47575688948398	0.372153810542266	6.65250984767978	2.88136533846193e-11	1.12146855209136e-07	73.6979232189638	47.8891598435544	60.7544302280409	197.087015392171	860.221271649932	146.457899603581	137.327829004901	953.627927968505	93.351595568702	28.5197759452079	1047.98717320284	425.212164610591
ENSSSCG00000017084	344.496615280142	-3.69525008371357	0.579961367641003	-6.37154522678643	1.87133089550676e-10	5.09844102480818e-07	1627.37046781467	1006.59330209625	2225.4611942228	866.886496273834	95.784809691213	89.9302892302688	66.4489495185006	102.123051109749	16.1881379598905	17.6151557308637	70.3017916501126	15.9454561728972
ENSSSCG00000017199	59.6817320945522	1.95302882001811	0.52615703119351	3.71187441054994	0.000205730065944606	0.0247885005142536	48.1292559797314	18.4189076321363	13.2074848321828	68.1654338950365	117.888996543031	80.5090208347168	25.3138855308574	218.629630544816	48.0248092810086	8.38816939564937	137.333732525801	100.987889095015
ENSSSCG00000017204	576.419987331968	-2.45315233969522	0.593911154786513	-4.13050389763606	3.61968957770594e-05	0.00747109413216653	2077.07820337528	1622.70576239121	2620.36499070507	1610.77884008488	314.984662638412	692.034987600545	60.1204781357862	507.738549883684	29.678252926466	19.712198079776	312.270748957477	154.139409671339
ENSSSCG00000017333	318.536952695859	1.43923726271752	0.320562981074216	4.48971761459975	7.13176552606526e-06	0.00229262525451032	394.058283334051	139.983698004236	150.565327086884	371.946171905525	1064.68500002925	192.70776263629	132.897899037001	533.628900869254	164.57940259222	69.6218059838898	1353.71822061147	1048.41374336799
ENSSSCG00000017445	103.867804117068	-5.15917506675519	0.927615154725103	-5.56176237578191	2.67063776141055e-08	3.30734208225593e-05	706.898447202305	222.868782348849	909.995704937396	180.786585547705	31.3142647067427	11.1342262856523	12.0240956271572	11.5068226602535	0	1.25822540934741	0	0
ENSSSCG00000017448	367.591507510748	-2.77299551906456	0.489265561856253	-5.66766953419719	1.44752804068e-08	2.19099452601814e-05	1215.26371348822	1312.34716878971	1143.76818646703	1472.96611503622	244.988070940987	248.378894064552	20.2511084246859	158.218811578485	51.2624368729867	20.1316065495585	155.317911785132	200.646990175623
ENSSSCG00000017470	156.079537785665	-3.70328876784011	0.802954569899376	-4.61207757781887	3.98664141073115e-06	0.00156243753261129	475.276402799848	291.939685969361	1232.25833484266	795.757347861622	79.2066695523492	82.2219787248172	26.5795798074002	47.4656434735455	1.07920919732603	2.93585928847728	6.53970154884768	3.98636404322429
ENSSSCG00000017478	82.6447959013818	-3.64512339221537	0.872403913489739	-4.17825199526485	2.93758080921501e-05	0.00630192040528054	282.759378880922	262.469433757943	553.39361446846	223.76044604675	31.3142647067427	54.8146524832115	0	4.31505849759505	4.31683678930414	5.03290163738962	13.0794030976954	6.64394007204048
ENSSSCG00000017640	42.2403424588798	-2.52799733736354	0.611916350832598	-4.13127927358674	3.60749983789134e-05	0.00747109413216653	112.802943702496	106.829664266391	291.88541479124	71.129148412212	29.4722491357578	22.2684525713047	12.6569427654287	24.4519981530386	1.61881379598905	2.93585928847728	22.8889554209669	31.8909123457943
ENSSSCG00000017799	169.142380537242	-1.48718015978814	0.355229324017227	-4.18653545537816	2.83244705431105e-05	0.0061246047614845	687.345936960539	213.659328532781	824.147053528207	340.827169475182	342.614896203185	96.7821207906703	39.2365225728289	266.095274018361	46.4059954850195	14.6792964423864	163.492538721192	146.166681584891
ENSSSCG00000017879	71.4393272579102	1.95702647228206	0.51715267486548	3.7842334911854	0.000154183024815745	0.0204913000541706	22.5605887404991	36.8378152642726	40.9432029797667	47.419432274808	149.203261249774	58.2405682634122	13.9226370419715	214.314572047221	53.4208552676387	15.5181133819513	371.128062897106	152.810621656931
ENSSSCG00000017896	78.112040082801	4.05294698044566	0.883765286475594	4.58599929468669	4.51820124577635e-06	0.00166349179650239	4.51211774809982	0	11.8867363489645	40.0101459818692	62.6285294134854	11.1342262856523	10.7584013506144	103.561403942281	53.4208552676387	28.9391844149903	398.921794479709	534.172781792055
ENSSSCG00000017923	229.784690270559	-3.65369363341317	0.685376521070568	-5.33092908946756	9.77115697317282e-08	9.8598211753368e-05	1078.39614179586	696.234708494753	1635.08662222423	315.635596079191	193.411634953411	108.772826021373	19.6182612864145	56.0957604687356	9.1732781772713	7.54935245608443	57.2223885524172	2.65757602881619
ENSSSCG00000018891	151.182004531851	-1.59511995712323	0.389290296407128	-4.09750762309016	4.17622419130586e-05	0.00790898981036461	464.748128054282	372.98287955076	542.827626602714	302.298880751901	337.08884949023	64.2359208787635	28.4781212222145	309.245858994312	14.0297195652385	17.1957472610812	292.651644310934	100.987889095015
ENSSSCG00000021084	57.021831414097	-2.48846887531042	0.607583123113499	-4.09568465720132	4.20922562856622e-05	0.00790898981036461	171.460474427793	126.169517280134	311.696642039514	226.724160563926	55.2604671295459	34.2591578020072	13.2897899037001	77.6710529567108	1.07920919732603	0.419408469782469	57.2223885524172	29.2333363169781
ENSSSCG00000021149	57.7700427575691	2.12257842598851	0.540064180293941	3.93023367117822	8.48633474357285e-05	0.0136005994169789	70.6898447202305	9.20945381606816	3.96224544965484	57.7924330849222	202.621712808335	91.6432471203692	29.7438154987574	153.90375308089	28.0594391304769	13.421071033039	166.762389495616	95.672737037383
ENSSSCG00000021220	29.2762500706764	-2.44017954700431	0.595591050900387	-4.09707221644005	4.18408403749161e-05	0.00790898981036461	147.395846437928	104.06682812157	68.6789211273506	66.6835766364487	31.3142647067427	13.7036631208029	1.8985414148143	46.0272906410138	4.31683678930414	1.25822540934741	22.8889554209669	14.6166681584891
ENSSSCG00000021359	116.668873563353	2.75823138901659	0.7456579489598	3.69905717878331	0.000216401849255982	0.0257700256613775	75.2019624683304	28.5493068298113	27.7357181475839	29.637145171755	134.467136681895	18.8425367911039	25.9467326691288	27.328703818102	120.331825501853	48.2319740249839	493.747466938	508.925809518301
ENSSSCG00000021386	83.1831173204897	3.70790294603835	0.962277579162738	3.85325713321153	0.000116556872418909	0.0173529616888152	63.1696484733975	0.920945381606816	0	16.3004298444652	97.6268252621978	13.7036631208029	6.96131852098577	70.4792887940524	33.4554851171071	30.1974098243377	534.620601618298	664.394007204048
ENSSSCG00000021606	285.334552214093	2.23101208812367	0.582361920374745	3.83097178930936	0.000127638140813352	0.0185962628152929	127.843336196162	62.6242859492635	117.546615006427	288.962165424611	373.929160909927	125.045925977326	51.8934653382576	171.16398707127	214.762630267881	80.526426198234	1914.49762842516	1218.49860921222
ENSSSCG00000022031	93.0183764931029	2.22565710181204	0.586087884444757	3.7974801405775	0.000146174483580865	0.0199126190258033	73.6979232189638	5.5256722896409	58.1129332616044	75.5747201879752	127.099074397956	47.1063419777599	22.1496498395002	135.205166257978	74.4654346154964	37.7467622804222	367.858212122682	316.251547429127
ENSSSCG00000022447	274.949260418477	-2.29128594259638	0.519733831263183	-4.40857570696821	1.04052647846648e-05	0.00306242890468159	1072.37998479839	688.867145441898	1002.44809876268	1062.49165440742	427.347612468489	261.226078240305	15.1883313185144	359.588208132921	21.5841839465207	7.54935245608443	183.111643367735	132.87880144081
ENSSSCG00000022980	30.2062295370991	7.57751411311582	1.76626322802496	4.29013863442599	1.78561616304295e-05	0.00434367074661654	1.50403924936661	0	0	0	3.68403114196973	0	0	4.31505849759505	43.7079724917044	10.0658032747792	340.06448054008	42.5212164610591
ENSSSCG00000023105	191.084169071961	-1.59213793786528	0.456925387748327	-3.48445934622092	0.000493132369901846	0.0453898358715398	542.958169021345	318.647102035958	711.883432454654	785.384347051507	366.561098625988	135.323673317928	21.5168027012288	486.163257395709	36.6931127090852	4.61349316760715	230.524479596881	162.112137757788
ENSSSCG00000023162	80.901844513542	-2.76530968009284	0.798770689374581	-3.46195687558091	0.000536263074319197	0.0480608140125873	327.88055636192	299.307249022215	254.904457261128	228.206017822513	12.8941089968941	52.2452156480609	3.16423569135717	58.972466133799	16.7277425585535	7.9687609258669	3.26985077442384	13.287880144081
ENSSSCG00000023186	14.8741354806179	7.28007161668662	1.97353787993321	3.68884311302552	0.000225276072590747	0.0265698986914931	0	0	0	0	0	0	13.9226370419715	0	10.2524873745973	4.61349316760715	197.825971852642	14.6166681584891
ENSSSCG00000023333	532.227606685648	26.0228536461309	3.01891282439917	8.61994206517375	6.69879965059838e-18	9.12543982402764e-14	0	0	0	0	0	0	16.4540255950573	0	966.971440804127	158.116993107991	2866.0242037825	1860.30322017134
ENSSSCG00000023371	144.914458962911	1.50645317589775	0.418835172468814	3.59676854982831	0.000322194926748062	0.0341654473959743	163.94027818096	37.7587606458795	118.867363489645	163.004298444652	221.041868518184	155.022689054082	60.1204781357862	271.848685348488	109.539733528593	21.3898319589059	635.985975625437	328.2106395588
ENSSSCG00000023478	49.6771829524094	2.27776118406133	0.500259691320665	4.55315753713463	5.28466684750184e-06	0.00189448352973931	19.5525102417659	11.0513445792818	30.3772151140205	35.564574206106	160.255354675683	47.96282092281	27.8452740839431	35.958820813292	24.8218115384988	19.2927896099936	170.03224027004	146.166681584891
ENSSSCG00000023520	100.856417542922	1.59495870253327	0.360870955445909	4.4197480524928	9.88160386999074e-06	0.00295850876305382	99.2665904581961	36.8378152642726	110.942872590336	45.9375750162202	318.668693780382	71.0877524391649	76.5745037308435	353.834796802794	38.8515311037373	21.8092404286884	323.71522666796	188.68789804595
ENSSSCG00000023775	6.21736790819549	-5.81147318552228	1.58145280991443	-3.67476863621163	0.000238065045497882	0.0278372625089691	16.5444317430327	11.9722899608886	68.6789211273506	25.1915733959917	0	1.71295789010036	0	0	0	0	0	0
ENSSSCG00000023983	215.936067052144	2.08386155444744	0.557791271882192	3.73591638932557	0.000187032810604055	0.0228544326119046	75.2019624683304	63.5452313308703	211.319757314925	96.3207218082037	303.932569212503	100.208036570871	45.5649939555433	222.944689042411	144.614032441689	97.7221734593152	1273.60687663809	603.269758541276
ENSSSCG00000024001	347.55011170805	-1.10909690716724	0.319159328563248	-3.47505715142351	0.000510744524387955	0.0464686110844277	1153.59810426419	584.800317320328	945.655913984289	932.088215651695	830.749022514174	277.499178196258	108.849707782687	726.368180428499	84.1783173914307	20.1316065495585	474.128362291457	313.593971400311
ENSSSCG00000024204	13.7211144709101	7.15746315633789	1.40525846987697	5.09334283319747	3.51804701106182e-07	0.000281909384754057	0	0	0	0	7.36806228393946	3.42591578020072	10.1255542123429	90.616228449496	5.39604598663017	6.29112704673703	19.6191046465431	47.8363685186915
ENSSSCG00000024439	116.210253703056	3.04802916849848	0.644785715368245	4.72719710727107	2.27640267561599e-06	0.00108055602625665	88.7383157126298	11.9722899608886	25.0942211811473	25.1915733959917	184.201557098486	33.402678856957	19.6182612864145	122.259990765193	93.351595568702	31.0362267639027	776.589558925662	564.734906123441
ENSSSCG00000024481	269.952058136588	1.71439735766	0.422611763272901	4.05667212001605	4.97768832650773e-05	0.00898126612289424	260.198790140423	107.750609647997	158.489817986194	210.42373071946	707.333979258188	103.633952351072	84.1686693901007	457.396200745075	98.7476415553322	75.0741160910619	2110.68867489059	837.136449077101
ENSSSCG00000025114	237.007367227655	1.35218024186885	0.351078006280539	3.85150940155547	0.000117392022376031	0.0173823133132335	290.279575127755	58.9405044228362	196.791523999524	337.863454958007	766.278477529704	108.772826021373	143.023453249344	382.601853453427	133.282335869765	46.1349316760715	953.16150074455	682.997039405762
ENSSSCG00000025133	662.730081952697	2.56775523491658	0.647953315301464	3.96287074126924	7.40538807341875e-05	0.012250849239584	272.231104135356	128.932353424954	212.640505798143	491.976609851133	983.636314905918	113.911699691674	75.9416565925721	454.519495080012	768.9365530948	158.955810047556	2465.46748391558	3554.50793854166
ENSSSCG00000025286	29.2329489252253	3.42579191799606	0.841029742904677	4.07333027981193	4.63456278338365e-05	0.00847440691498574	13.5363532442995	7.36756305285453	0	2.9637145171755	114.204965401062	14.560142065853	11.3912484888858	67.6025831289891	5.93565058529319	9.22698633521431	351.508958250563	27.90454830257
ENSSSCG00000025592	188.294812161679	-4.41587725450778	0.750200863835532	-5.88625989035902	3.95032966707274e-09	7.59688290597322e-06	1287.45759745782	376.666661077188	1150.37192888312	857.995352722307	23.9462024228032	54.8146524832115	19.6182612864145	15.8218811578485	5.39604598663017	5.03290163738962	0	18.6030322017134
ENSSSCG00000025698	16.2539236431148	4.09644522271342	1.10749999480613	3.698821888871	0.000216602528040207	0.0257700256613775	4.51211774809982	1.84189076321363	1.32074848321828	1.48185725858775	7.36806228393946	4.2823947252509	8.22701279752864	2.87670566506336	17.8069517558796	4.61349316760715	158.587762559556	22.5893962449376
ENSSSCG00000025806	32.9205364565486	3.53265396471573	0.947687062825603	3.72765874230977	0.000193266828897298	0.0235069408629772	13.5363532442995	0	9.24523938252797	10.3730008101142	44.2083737036367	60.8100050985627	22.1496498395002	169.725634238738	30.217857525129	5.87171857695456	4.90477616163576	11.9590921296729
ENSSSCG00000026041	138.998492712945	1.29625325120433	0.324809447790814	3.99081141272452	6.58476255831621e-05	0.0112126159938328	124.835257697428	58.0195590412294	99.0561362413711	222.278588788162	668.651652267506	91.6432471203692	58.2219367209719	209.999513549626	76.6238530101485	30.6168182941202	503.557019261272	338.840943674065
ENSSSCG00000026196	298.827520853477	-1.12561120934646	0.31773252584033	-3.54263765212412	0.00039614661364216	0.0392700969445292	523.405658779579	505.599014502142	912.637201903832	1142.51194637115	639.179403131748	142.17550487833	56.3233953061576	300.615741999122	57.7376920569429	50.3290163738962	783.12926047451	475.706109158099
ENSSSCG00000026254	11.8679868652537	6.95770986207838	1.64405084960335	4.23205271525332	2.3156811398928e-05	0.00517137152921142	0	0	0	0	60.7865138425005	41.9674683074588	1.8985414148143	64.7258774639257	0.539604598663017	3.77467622804222	21.254030033755	0
ENSSSCG00000026383	220.947089916357	1.75189460807101	0.311504361445508	5.62398099320826	1.86606191047941e-08	2.65974384794712e-05	200.037220165759	90.252647397468	112.263621073554	183.750300064881	974.426237050993	147.314378548631	150.617618908601	709.107946438119	123.029848495168	40.263213099117	416.90597373904	519.556113633566
ENSSSCG00000026486	16.4049886502911	7.41775429700784	1.94962162912954	3.80471481552023	0.000141967660850931	0.0196137420800472	0	0	0	0	0	0	18.985414148143	0	3.77723219064112	11.7434371539091	134.063881751377	34.5484883746105
ENSSSCG00000026868	10.9931631744677	6.84412481157136	1.67592489359495	4.08378969590358	4.43071323266475e-05	0.0081564041908075	0	0	0	0	60.7865138425005	12.8471841757527	12.0240956271572	43.1505849759505	10.2524873745973	0	27.7937315826027	0
ENSSSCG00000026978	19.0383766013651	6.90838479928857	1.92075657482336	3.59669980560857	0.000322280050679589	0.0341654473959743	0	0.920945381606816	0	0	0	0	23.4153441160431	0	1.61881379598905	9.22698633521431	276.302390438815	13.287880144081
ENSSSCG00000027331	1086.72632401624	2.05997455622564	0.359040428305581	5.73744457120685	9.61157206847691e-09	1.63667050628533e-05	1164.12637900975	310.358593601497	264.149696643656	800.202919637385	6019.70688597854	1127.12629168604	663.223800908463	5327.65889169735	395.530170819992	187.475585992763	2347.75285603632	1412.50165931581
ENSSSCG00000027357	98.7450573175821	2.12944278255436	0.559692527290133	3.80466538094496	0.000141996015206094	0.0196137420800472	51.1373344784646	16.5770168689227	33.018712080457	131.88529601431	165.781401388638	47.96282092281	37.970828296286	135.205166257978	61.514924247584	18.4539726704286	385.842391382013	580.680362296338
ENSSSCG00000027467	202.178539210017	1.93598297891604	0.549080775817121	3.52586188441033	0.000422107042180193	0.0404940364936597	240.646279898657	48.8101052251612	60.7544302280409	177.82287103053	152.887292391744	98.4950786807706	56.3233953061576	310.684211826843	174.292285368155	57.4589603601982	969.510754616669	685.654615434578
ENSSSCG00000027565	398.043384700719	1.23859284814935	0.357363677488539	3.46591700884058	0.000528426363407368	0.0476721068577276	505.35718778718	174.979622505295	223.20649366389	609.043333279565	1364.93353809978	367.429467426527	85.4343636666436	799.724174887615	246.059696990336	63.3306789371528	1267.06717508924	1340.74710653777
ENSSSCG00000027607	39.664441801895	-2.98252612764067	0.686657597358125	-4.34354202023798	1.40203645148536e-05	0.00371341695711628	210.565494911325	83.8060297262202	116.225866523209	268.216163804383	7.36806228393946	2.56943683515054	5.06277710617147	33.0821151482287	6.47525518395621	0	39.2382092930861	42.5212164610591
ENSSSCG00000027952	91.6239379032033	3.34508721362437	0.929785528678104	3.59769765225337	0.000321046509060615	0.0341654473959743	16.5444317430327	23.0236345401704	30.3772151140205	0	58.9444982715157	5.13887367030108	15.1883313185144	74.7943472916475	81.4802943981156	47.3931570854189	433.255227611159	419.897012552959
ENSSSCG00000028135	31.1728284314693	2.5425847624762	0.683383586869253	3.72058213180741	0.000198764086302933	0.0240681223614374	16.5444317430327	3.68378152642726	23.7734726979291	8.8911435515265	33.1562802777276	23.1249315163548	24.6810383925859	194.177632391777	7.55446438128224	10.9046202143442	45.7779108419338	75.7409168212615
ENSSSCG00000028148	83.9754844586812	2.352873074357	0.681282585672774	3.45359344835376	0.000553170613376515	0.0489322511735168	54.1454129771979	10.130399197675	79.2449089930969	17.782287103053	178.675510385532	11.1342262856523	16.4540255950573	142.396930420637	32.9158805184441	53.2648756623735	493.747466938	247.154570679906
ENSSSCG00000028203	16.3865324047056	4.0505931776971	1.17276294117656	3.4538891326438	0.000552564484995968	0.0489322511735168	6.01615699746643	2.76283614482045	0	0	33.1562802777276	9.42126839555197	0	18.6985868229119	7.55446438128224	10.9046202143442	117.714627879258	47.8363685186915
ENSSSCG00000028327	61.676037163796	2.17216130594645	0.478874743657377	4.53596965535643	5.73394246775315e-06	0.00200283669915301	51.1373344784646	17.4979622505295	11.8867363489645	51.8650040505712	243.146055370002	55.6711314282617	23.4153441160431	94.931286947091	23.7426023411728	23.4868743078182	392.382092930861	93.0151610085668
ENSSSCG00000028996	130.018404471568	-2.71929880697484	0.490437974974149	-5.54463346179132	2.94570579945553e-08	3.48938063070287e-05	607.631856744109	152.876933346731	829.430047461081	601.634046986626	93.9427941202281	62.5229629886631	26.5795798074002	132.328460592915	2.15841839465207	4.61349316760715	96.4605978455033	86.3712209365263
ENSSSCG00000029160	1145.64792870005	4.55008020076057	1.27571263917586	3.56669681010611	0.00036150932917372	0.0368888452184944	157.924121183494	63.5452313308703	110.942872590336	173.377299254767	154.729307962729	60.8100050985627	29.7438154987574	89.1778756169643	1772.60110660801	13.421071033039	6673.76543059906	8040.49627518339
ENSSSCG00000029201	92.177130265959	-2.25786566479139	0.635939227713264	-3.5504425051908	0.00038458412898152	0.0388073873855612	373.001733842919	326.014665088813	357.922838952154	50.3831467919835	64.4705449844703	8.56478945050179	12.0240956271572	48.9039963060772	18.8861609532056	15.9375218517338	147.143284849073	59.7954606483644
ENSSSCG00000029662	336.861415389074	2.87434967217072	0.624007323923697	4.60627553871818	4.09945115868075e-06	0.00157309220870785	130.851414694895	23.0236345401704	83.2071544427517	274.143592838734	664.967621125536	73.6571892743154	79.7387394222007	197.05433805684	171.59426237484	117.434371539091	1903.05315071468	2163.26688745638
ENSSSCG00000029752	72.1053503820336	2.34957921235776	0.626174423730188	3.75227592075872	0.000175236441596358	0.0220014601442063	25.5686672392323	27.6283614482045	31.6979635972387	34.0827169475182	97.6268252621978	24.8378894064552	12.0240956271572	94.931286947091	42.0891586957154	32.2944521732501	353.143883637775	333.525791616432
ENSSSCG00000030113	43.3036711972715	4.85659353837303	0.940795248699228	5.1622215833763	2.44036175693763e-07	0.000214476309896018	0	0	7.92449089930969	8.8911435515265	51.5764359875762	3.42591578020072	15.1883313185144	100.684698277218	35.6139035117592	13.0016625632565	394.017018318073	107.631829167056
ENSSSCG00000030204	62.6576172381025	1.81791653144406	0.38907524598987	4.67240347511439	2.97695431469314e-06	0.00128741460799706	81.2181194657968	13.8141807241022	30.3772151140205	51.8650040505712	386.823269906822	38.5415525272581	41.7679111259146	165.410575741143	16.7277425585535	11.3240286841267	233.794330371305	174.071229887461
ENSSSCG00000030831	300.116099907066	1.87968161853262	0.540862943551243	3.47533814424565	0.000510209777385714	0.0464686110844277	207.557416412592	118.801954227279	63.3959271944775	357.127599319648	508.396297591823	141.31902593328	39.2365225728289	464.587964907733	180.227935953448	96.0445395801853	1559.71881940017	1336.76074249455
ENSSSCG00000031184	12.0173350730871	6.96063157096134	1.84956920963629	3.76337989121809	0.000167632256301493	0.0212425154555078	0	0	0	0	0	23.1249315163548	17.0868727333287	0	3.77723219064112	8.38816939564937	4.90477616163576	13.287880144081
ENSSSCG00000031361	600.96323908478	-2.36429754372449	0.344074455387634	-6.87147071426989	6.35433380579858e-12	3.46247649077964e-08	2770.44029733329	1295.77015192079	2844.89223285218	1779.71056756389	611.549169566975	377.707214767129	60.7533252740577	632.87524631394	72.3070162208443	42.3602554480293	590.208064783503	273.730330968068
ENSSSCG00000031700	58.6150517744599	4.82056837644236	1.1710226806324	4.11654569648391	3.84593104744186e-05	0.00778790574572861	1.50403924936661	5.5256722896409	9.24523938252797	0	22.1041868518184	48.8192998678602	0.632847138271434	1.43835283253168	80.9406897994526	18.0345642006461	145.508359461861	318.909123457943
ENSSSCG00000031719	94.1162589217905	-2.05065630557578	0.49341199058221	-4.15607310871402	3.23764259780131e-05	0.00683795136256564	269.223025636623	183.268130939756	503.205172106165	306.744452527664	224.725899660153	26.5508472965556	32.2752040518431	133.766813425446	11.3316965719234	2.51645081869481	37.6032839058742	90.3575849797506
ENSSSCG00000031733	212.03060702875	1.21249498849199	0.310365975724799	3.90666208066281	9.35798800609681e-05	0.014909846972287	293.287653626488	108.671555029604	179.621793717686	198.568872650758	687.071807977354	286.06396764676	74.0431151777578	635.751951979003	113.856570317897	42.7796639178118	537.890452392722	305.621243313862
ENSSSCG00000032108	14.9381888107053	7.28347137762534	1.7489850262264	4.16439893332884	3.12173869525506e-05	0.00664466959001751	0	0	0	0	0	5.99535261535125	13.2897899037001	0	5.39604598663017	7.12994398630197	45.7779108419338	108.960617181464
ENSSSCG00000032242	77.3762335871831	-2.1837129937798	0.572745429534534	-3.81271133940691	0.000137450610555454	0.0195043848155383	207.557416412592	256.943761468302	257.545954227565	223.76044604675	162.097370246668	35.9721156921075	6.32847138271434	117.944932267598	15.6485333612275	7.12994398630197	34.3334331314503	13.287880144081
ENSSSCG00000032522	46.8045525688711	3.40791214618165	0.824941593891937	4.13109506347436	3.61039228289524e-05	0.00747109413216653	28.5767457379655	9.20945381606816	0	4.44557177576325	283.670397931669	105.346910241172	35.4394397432003	109.314815272408	3.2376275919781	5.87171857695456	47.4128362291457	186.030322017134
ENSSSCG00000032566	120.740683696963	1.18238337347846	0.329305795466926	3.59053314504214	0.000330002260523324	0.0345804291844537	204.549337913859	36.8378152642726	138.67859073792	105.21186535973	454.977846033262	121.620010197125	63.9175609654148	251.711745693044	44.2475770903674	19.712198079776	619.636721753318	195.33183811799
ENSSSCG00000032601	252.953324825147	-1.17994582608487	0.333134926448954	-3.54194571749797	0.000397187200840762	0.0392700969445292	681.329779963073	317.726156654351	1026.2215714606	769.083917207042	810.48685123334	152.453252218932	69.6131852098577	562.395957519888	50.7228322743236	20.1316065495585	235.429255758517	268.415178910436
ENSSSCG00000033001	22.4760575311921	4.86125833777197	1.10293300174046	4.40757356077003	1.04535103004363e-05	0.00306242890468159	0	0	7.92449089930969	0	132.62512111091	6.85183156040143	8.22701279752864	192.739279559245	2.69802299331509	2.09704234891234	71.9367170373245	97.0015250517911
ENSSSCG00000033009	147.160719693446	1.85003921602888	0.502574931777341	3.68112116035369	0.0002322106198907	0.0272697342194919	213.573573410058	32.2330883562386	52.8299393287312	114.103008911257	466.029939459171	27.4073262416057	59.4876309975148	264.65692118583	60.975319648921	43.1990723875943	871.415231383954	563.406118109033
ENSSSCG00000033043	123.018937169506	1.67315833877586	0.485859341233743	3.44370931415501	0.00057379225232836	0.0499455907817449	63.1696484733975	43.2844329355203	88.4901483756248	154.113154893126	189.727603811441	303.193546547763	45.5649939555433	212.876219214689	57.7376920569429	22.2286488984708	356.413734412199	233.866690535825
ENSSSCG00000033120	314.157635921846	1.87686995076898	0.488951226890869	3.83856271862445	0.000123756604978528	0.0181276811969893	281.255339631556	69.0709036205112	212.640505798143	271.179878321558	337.08884949023	101.064515515921	143.023453249344	533.628900869254	218.539862458522	78.0099753795392	2297.07016903275	729.504619910045
ENSSSCG00000033299	2807.14211635396	1.30079253869234	0.289514592108718	4.49301200750484	7.02228235528932e-06	0.00229262525451032	3125.39356018381	1318.79378646096	2072.25437016948	3423.0902673377	6924.13653133211	2026.42918398872	740.431151777578	9091.82825443276	1536.79389699227	573.331378192635	11871.1932365458	7022.64465614679
ENSSSCG00000033382	1343.39435164522	-4.44321404556124	1.24436220423309	-3.57067582930939	0.000356061343160613	0.0367141796714615	2659.14139288016	8650.43996943282	2673.1949300338	4078.07117563349	1644.91990488948	2243.97483603147	32.2752040518431	191.300926726714	5.93565058529319	1.25822540934741	29.4286569698146	6.64394007204048
ENSSSCG00000033720	505.588861951553	2.04727850501922	0.499062718261394	4.10224693231226	4.09157263845432e-05	0.00790898981036461	551.982404517545	84.7269751078271	145.282333154011	497.904038885484	799.434757807431	265.508472965556	137.960676143173	596.916425500648	396.069775418655	127.080766344088	3472.58152243812	1413.83044733022
ENSSSCG00000034039	289.11885814096	-2.09652925486019	0.490239507011513	-4.27654080276104	1.89819778910957e-05	0.00449707815341654	1019.73861107056	442.974728552878	1646.9733585732	980.98950518509	722.070103826067	138.749589098129	124.038039101201	293.423977836463	20.5049747491947	14.6792964423864	119.34955326647	94.3439490229749
ENSSSCG00000034207	291.356654712216	2.57204471388343	0.742693953728748	3.46312865611777	0.000533933028876352	0.0480099187186014	139.875650191094	56.1776682780158	52.8299393287312	247.470162184154	221.041868518184	60.8100050985627	16.4540255950573	130.890107760383	248.757719983651	80.526426198234	1966.81524081594	1633.08046970755
ENSSSCG00000034278	73.6065681327806	-1.65075155916261	0.3869812139737	-4.26571497415064	1.99263039430996e-05	0.00460078094008263	219.589730407525	119.722899608886	301.130654173768	285.998450907436	141.835198965835	61.6664840436129	15.8211784567858	94.931286947091	10.7920919732603	3.77467622804222	76.8414931989603	77.0697048356696
ENSSSCG00000034302	594.442830413021	1.99650060391492	0.559267003083595	3.56985231187777	0.000357182544718206	0.0367141796714615	457.227931807449	119.722899608886	463.582717609617	406.028888853043	1038.89678203546	196.133678416491	69.6131852098577	558.080899022293	495.896626171313	148.051189833211	2805.53196445566	3050.89728108099
ENSSSCG00000034328	26.5041564318271	4.13996750978561	1.13055756839936	3.66188120402128	0.000250369961466711	0.0287305502728397	1.50403924936661	7.36756305285453	0	0	208.14775952129	1.71295789010036	46.8306882320861	109.314815272408	9.1732781772713	4.19408469782469	31.0635823570265	14.6166681584891
ENSSSCG00000034516	16.9204148258193	3.24981000286342	0.805284223428388	4.03560619755817	5.44614984080898e-05	0.00951156105210517	4.51211774809982	1.84189076321363	6.60374241609141	4.44557177576325	44.2083737036367	7.70831050545161	21.5168027012288	15.8218811578485	3.77723219064112	8.80757786543184	70.3017916501126	33.2197003602024
ENSSSCG00000034884	29.2089969122097	4.78753415388214	1.22829648973149	3.89770238204353	9.71096582029464e-05	0.0151185865013673	13.5363532442995	0	0	0	14.7361245678789	77.0831050545161	1.8985414148143	27.328703818102	42.6287632943784	2.93585928847728	106.270150168775	25.2469722737538
ENSSSCG00000034976	51.2786446650638	-2.62012055041045	0.687557139294049	-3.81076771757569	0.000138535892809582	0.0195565305678604	243.65435839739	68.1499582389044	264.149696643656	269.69802106297	25.7882179937881	5.13887367030108	23.4153441160431	69.0409359615207	1.61881379598905	5.03290163738962	13.0794030976954	13.287880144081
ENSSSCG00000035012	48.4325697879793	-1.95834884560229	0.444658355125414	-4.4041651821654	1.06192009269545e-05	0.00307627752285903	154.916042684761	99.4621012135361	180.942542200905	205.978158943697	29.4722491357578	21.4119736262545	7.59416565925721	56.0957604687356	4.31683678930414	6.29112704673703	76.8414931989603	61.1242486627725
ENSSSCG00000035091	8.39697441918518	6.45440920319381	1.77647789590142	3.63326175804666	0.000279860850588748	0.0307855117558429	0	0	0	0	11.0520934259092	0	15.1883313185144	48.9039963060772	0	2.51645081869481	19.6191046465431	25.2469722737538
ENSSSCG00000035101	164.164820048001	-2.37468815357672	0.64927081255262	-3.65746943750727	0.000254717619989969	0.0289245579773815	654.257073474474	413.50447634146	738.298402119019	487.53103807537	36.8403114196973	53.9581735381613	4.42992996790004	25.8903509855703	29.678252926466	10.9046202143442	333.524778991232	267.086390896027
ENSSSCG00000035331	12.4379183161115	7.01872748613785	1.93286498368541	3.63125595702768	0.000282045285685074	0.0308607381867062	0	0	0	0	1.84201557098486	0	1.26569427654287	0	1.61881379598905	10.9046202143442	134.063881751377	49.1651565330996
ENSSSCG00000035564	91.8075283591507	-1.23269132681507	0.326068599712863	-3.78046622060688	0.000156534957322374	0.0205332221743569	306.824006870788	99.4621012135361	297.168408724113	386.764744491403	283.670397931669	44.5369051426093	17.7197198716002	178.355751233929	13.4901149665754	7.12994398630197	219.080001886397	103.645465123832
ENSSSCG00000035736	73.1347862934428	4.62029196814559	0.890231878836273	5.18998710109698	2.10308648863567e-07	0.000197581349596134	30.0807849873321	0	6.60374241609141	0	342.614896203185	10.2777473406022	34.8065926049289	104.999756774813	40.4703448997263	33.5526775825975	667.049557982464	50.4939445475077
ENSSSCG00000035818	8.97686252832732	6.54757601975943	1.81477916833684	3.60791887740258	0.000308662960845956	0.0332392188468303	0	0	0	0	47.8924048456065	15.4166210109032	15.8211784567858	0	5.39604598663017	0.838816939564937	26.1588061953907	0
ENSSSCG00000035883	6.708747604527	5.39203439435446	1.54649235885368	3.48662207316126	0.000489162080546409	0.0452765123843163	0	0.920945381606816	0	0	12.8941089968941	0	2.53138855308574	47.4656434735455	5.93565058529319	1.25822540934741	26.1588061953907	15.9454561728972
ENSSSCG00000036007	105.344547488942	2.55825481486776	0.522652775235788	4.89475027414451	9.84306388725277e-07	0.000570583565123834	94.7544727100962	13.8141807241022	6.60374241609141	80.0202919637385	379.455207622882	106.203389186222	51.2606181999862	443.012672419758	65.8317610368881	15.5181133819513	482.302989227517	127.563649383177
ENSSSCG00000036136	220.727179446588	-2.33377805637234	0.374626158044644	-6.22961853105362	4.67572281572445e-10	1.15809152831284e-06	631.696484733975	334.303173523274	692.072205206379	1813.79328451141	239.462024228032	27.4073262416057	39.2365225728289	293.423977836463	32.3762759197811	16.7763387912987	240.334031920152	191.345474074766
ENSSSCG00000036446	162.472748569648	1.84122329642144	0.447837333511931	4.11136624537888	3.93324708335964e-05	0.00782199392599514	102.274668956929	41.4425421723067	113.584369556772	173.377299254767	423.663581326519	50.5322577579606	79.7387394222007	194.177632391777	98.2080369566692	48.2319740249839	820.732544380384	540.816721864095
ENSSSCG00000036474	12.4665460672412	-6.86637528825533	1.2441679013042	-5.51884941016213	3.41226441625722e-08	3.873631000872e-05	54.1454129771979	59.861449804443	76.6034120266603	19.2641443616407	1.84201557098486	0	0	0	0.539604598663017	0	0	0
ENSSSCG00000036512	54.0019372879893	1.55693362652065	0.412667355106211	3.77285386705699	0.000161390824986251	0.0210387226160307	52.6413737278312	32.2330883562386	33.018712080457	32.6008596889305	167.623416959623	62.5229629886631	14.555484180243	161.095517243548	28.0594391304769	10.0658032747792	209.270449563126	127.563649383177
ENSSSCG00000036814	35.5182026520867	2.32056364050274	0.666887322988478	3.47969373612285	0.000501987274529028	0.0460493040220316	34.592902735432	16.5770168689227	5.28299393287312	2.9637145171755	101.310856404168	30.8332420218065	25.3138855308574	73.3559944591158	6.47525518395621	12.5822540934741	104.635224781563	147.495469599299
ENSSSCG00000036817	97.9059708498443	1.37200139540881	0.358868217491184	3.82313431097452	0.000131765956881442	0.0189945158478036	72.1938839695971	43.2844329355203	114.90511803999	88.911435515265	287.354429073639	75.3701471644158	54.4248538913433	166.848928573675	59.3565058529319	27.2615505358605	331.88985360402	174.071229887461
ENSSSCG00000037358	147.463147360804	-2.05657009255267	0.438134193304963	-4.69392739479979	2.68009188403021e-06	0.00119703448164595	419.626950573283	456.788909276981	438.488496428469	486.049180816782	340.7728806322	456.503277711746	14.555484180243	90.616228449496	9.1732781772713	14.6792964423864	220.714927273609	116.933345267913
ENSSSCG00000037371	113.895815956085	2.20138544417585	0.604542536999216	3.64140703002128	0.000271152045254786	0.0302767929219944	54.1454129771979	26.7074160665977	59.4336817448227	97.8025790667915	147.361245678789	103.633952351072	22.7824969777716	58.972466133799	52.3416460703127	26.4227335962955	570.58896013696	740.13492402531
ENSSSCG00000037600	10.3489165740722	6.76495834450086	1.79581007636296	3.76707895425216	0.000165168777028071	0.0211709588044961	0	0	0	0	38.6823269906822	25.6943683515054	0.632847138271434	126.575049262788	0.539604598663017	2.09704234891234	3.26985077442384	0
ENSSSCG00000037634	81.2068741420429	-2.34902716296765	0.620462579406496	-3.78592882299947	0.000153135506014215	0.0204913000541706	452.715814059349	152.876933346731	418.677269180195	171.895441996179	22.1041868518184	66.805357713914	5.69562424444291	69.0409359615207	5.39604598663017	9.22698633521431	32.6985077442384	83.7136449077101
ENSSSCG00000037914	12.9063183954742	7.06620607077618	2.02700455620648	3.48603363970751	0.000490239352298524	0.0452765123843163	0	0	0	0	0	6.85183156040143	24.0481912543145	0	8.63367357860828	7.9687609258669	0	18.6030322017134
ENSSSCG00000038077	20.4718949105188	5.62371897498148	1.12051020755632	5.01889133812181	5.19705343749044e-07	0.000380886720487213	0	1.84189076321363	0	1.48185725858775	18.4201557098486	15.4166210109032	9.49270707407151	31.643762315697	8.63367357860828	3.77467622804222	176.571941818887	106.303041152648
ENSSSCG00000038221	44.6694490263699	-2.1150546497862	0.523952612669051	-4.03672889235529	5.42016424040197e-05	0.00951156105210517	227.109926654358	75.5175212917589	169.05580585194	177.82287103053	31.3142647067427	29.9767630767563	15.1883313185144	53.2190548036722	2.15841839465207	1.67763387912987	65.3970154884768	23.9181842593457
ENSSSCG00000038429	26.4126315382263	7.38497050400328	1.71475373563653	4.30672367146756	1.65690380695668e-05	0.00421891067481632	1.50403924936661	0	0	0	0	0	10.1255542123429	2.87670566506336	31.836671321118	3.77467622804222	209.270449563126	142.180317541666
ENSSSCG00000038508	210.4829683159	-1.98476941459616	0.412820813150943	-4.80782303451946	1.52582739849975e-06	0.000785254074189164	661.777269721307	527.701703660706	890.184477689122	549.769042936055	138.151167823865	145.60142065853	39.2365225728289	138.081871923041	44.7871816890304	18.4539726704286	214.175225724762	190.016686060358
ENSSSCG00000038622	13.5262632900349	7.14555839790992	1.87766564808646	3.80555420247049	0.000141487024089761	0.0196137420800472	0	0	0	0	12.8941089968941	0	0	5.75341133012673	17.8069517558796	0.419408469782469	39.2382092930861	136.865165484034
ENSSSCG00000039137	90.3064501315642	-1.71250573498127	0.381481238095278	-4.48909556740391	7.15262054077363e-06	0.00229262525451032	224.101848155624	180.505294794936	335.470114737443	374.909886422701	198.937681666365	45.3933840876595	10.7584013506144	185.547515396587	12.4109057692494	8.80757786543184	96.4605978455033	75.7409168212615
ENSSSCG00000039283	42.6383521331995	-4.58658926195865	0.985706143808908	-4.65310000426234	3.26981564769493e-06	0.00137055580494536	303.815928372055	57.0986136596226	294.526911757677	226.724160563926	42.3663581326519	8.56478945050179	1.8985414148143	18.6985868229119	0	0	0	0
ENSSSCG00000039656	176.367702074605	1.50623136242995	0.327436372774718	4.60007344225701	4.22342012245932e-06	0.00159815390606117	166.948356679693	110.513445792818	105.659878657462	117.066723428432	606.02312285402	155.022689054082	70.2460323481292	317.875975989502	96.5892231606801	36.4885368710748	707.922692662762	486.336413273363
ENSSSCG00000039797	57.6751300119733	-2.369243883941	0.686924242895753	-3.44906138987521	0.000562538795192103	0.0492809307878098	291.783614377122	51.5729413699817	202.074517932397	422.329318697509	88.4167474072735	4.2823947252509	0.632847138271434	18.6985868229119	20.5049747491947	3.77467622804222	75.2065678117484	55.8090966051401
ENSSSCG00000039798	121.872515679423	3.45344934251353	0.780252690416764	4.42606527978635	9.59674929863644e-06	0.00291054794588237	15.0403924936661	1.84189076321363	31.6979635972387	80.0202919637385	173.149463672577	29.1202841317061	15.8211784567858	67.6025831289891	75.5446438128224	39.424396159552	716.097319598821	855.739481278814
ENSSSCG00000039880	20.4370183312613	7.73652617741246	1.76300041437226	4.38827246683725	1.1425458241321e-05	0.00324256885192491	0	0	0	0	0	0	27.2124269456717	2.87670566506336	5.39604598663017	10.0658032747792	112.809851717623	102.316677109423
ENSSSCG00000039986	56.1825843314616	3.15491750619101	0.727101785297858	4.33903143959219	1.43112050099912e-05	0.00371341695711628	22.5605887404991	15.6560714873159	6.60374241609141	8.8911435515265	64.4705449844703	41.9674683074588	15.8211784567858	33.0821151482287	28.0594391304769	21.3898319589059	156.952837172344	405.28034439447
ENSSSCG00000040294	13.2967999643177	-3.42754109465459	0.991887126735649	-3.45557574271057	0.00054911888604156	0.0488913204254977	94.7544727100962	18.4189076321363	92.4523938252797	38.5282887232815	34.9982958487124	0.856478945050179	0.632847138271434	1.43835283253168	0	1.67763387912987	1.63492538721192	2.65757602881619
ENSSSCG00000040397	130.965009904449	2.84024622443781	0.654204995793283	4.34152328811514	1.41498277527628e-05	0.00371341695711628	34.592902735432	11.9722899608886	7.92449089930969	149.667583117363	418.137534613564	31.6897209668566	34.8065926049289	192.739279559245	100.366455351321	33.97208605238	580.398512460232	649.777339045559
ENSSSCG00000040507	314.403264509881	1.53645227197112	0.305499359555711	5.02931421593025	4.92237177184273e-07	0.000372527830344042	365.481537596086	117.881008845672	260.187451194001	229.687875081101	545.23660901152	262.082557185355	168.337338780201	1087.39474139395	151.628892224308	67.5247636349774	1113.38418869132	765.381896299064
ENSSSCG00000040513	195.547034158805	-3.93394878360039	0.704258869742153	-5.58594140964204	2.32437596573678e-08	3.01560110411899e-05	1182.17485000215	713.732670745282	698.675947622471	686.099910726128	246.830086511972	71.9442313842151	6.32847138271434	96.3696397796227	0.539604598663017	3.35526775825975	22.8889554209669	11.9590921296729
ENSSSCG00000040845	26.4077255116042	3.40792501445554	0.976141515318691	3.49122023904794	0.000480819722999759	0.0447096701471961	19.5525102417659	2.76283614482045	3.96224544965484	0	14.7361245678789	29.1202841317061	1.26569427654287	20.1369396554435	18.3465563545426	8.80757786543184	171.667165657252	120.919709311137
ENSSSCG00000041282	48.0639865741108	-4.02365756011236	0.946382791078152	-4.25161741955226	2.12232188368846e-05	0.00485904703538589	234.630122901191	132.616134951381	274.715684509402	211.905587978048	7.36806228393946	5.13887367030108	3.16423569135717	71.9176416265841	1.07920919732603	1.25822540934741	0	0
ENSSSCG00000042689	7.56407553419218	6.27904044775691	1.66072355722475	3.78090647323018	0.000156258372343119	0.0205332221743569	0	0	0	0	18.4201557098486	4.2823947252509	6.96131852098577	0	5.93565058529319	5.03290163738962	4.90477616163576	19.9318202161215
ENSSSCG00000043280	62.9321317652437	9.36294113424348	2.17897453888559	4.29694838886554	1.73165492814726e-05	0.00425035482138488	0	0	0	0	0	0	6.32847138271434	17.2602339903802	22.6633931438467	31.0362267639027	554.239706264841	475.706109158099
ENSSSCG00000043635	13.7110723605523	4.79926338832181	1.27639640546994	3.76001010951989	0.000169906490716075	0.0214310293498123	1.50403924936661	0	0	4.44557177576325	60.7865138425005	7.70831050545161	14.555484180243	5.75341133012673	21.0445793478577	2.51645081869481	6.53970154884768	9.30151610085668
ENSSSCG00000043672	183.991081892137	2.70063708751767	0.69437409902396	3.88931138317773	0.000100529065087781	0.0153882576043367	136.867571692361	18.4189076321363	46.2261969126398	106.693722618318	324.194740493336	37.6850735822079	48.096382508629	31.643762315697	127.346685284472	57.4589603601982	1366.79762370917	870.356149437303
ENSSSCG00000045892	77.2950450279073	3.50743260549384	0.931492961493874	3.76538819989452	0.000166290518780039	0.0211709588044961	69.1858054708639	0	0	17.782287103053	202.621712808335	21.4119736262545	25.9467326691288	107.876462439876	14.0297195652385	20.1316065495585	344.969256701715	690.96976749221
ENSSSCG00000046451	12.4490087802884	6.2991188342077	1.59376507799335	3.95235089611744	7.73871491479356e-05	0.0125500766579494	1.50403924936661	0	0	0	55.2604671295459	29.9767630767563	13.9226370419715	84.8628171193692	2.15841839465207	1.25822540934741	3.26985077442384	0
ENSSSCG00000047932	580.910892824074	7.89542712227829	1.82210003607054	4.33314689971975	1.469929560218e-05	0.00377813498756032	22.5605887404991	0	7.92449089930969	0	64.4705449844703	0	19.6182612864145	51.7807019711406	454.347072074261	26.4227335962955	3405.54958156243	6848.57342625933
ENSSSCG00000047948	22.7392687823033	6.47714334211275	1.28655136976735	5.03450036610976	4.79096761959299e-07	0.000372527830344042	3.00807849873321	0	0	0	9.21007785492432	43.6804261975591	22.1496498395002	46.0272906410138	3.2376275919781	5.45231010717209	86.6510455222318	100.987889095015
ENSSSCG00000048130	13.8022729174656	7.16109652517657	1.74953656835931	4.09313909448155	4.25572253572167e-05	0.00794158633463952	0	0	0	0	25.7882179937881	0	5.06277710617147	0	18.8861609532056	8.38816939564937	55.5874631652053	21.2606082305295
ENSSSCG00000048764	11.0270385898171	4.14587903086317	1.09134512301512	3.79887071782491	0.000145356885445825	0.019900745447093	4.51211774809982	0	0	2.9637145171755	71.8386072684097	3.42591578020072	11.3912484888858	11.5068226602535	9.71288277593431	3.35526775825975	24.5238808081788	13.287880144081
ENSSSCG00000048861	20.1568577505672	4.68492775245659	1.13828784006609	4.11576719662101	3.85893659634194e-05	0.00778790574572861	0	0	7.92449089930969	0	71.8386072684097	26.5508472965556	26.5795798074002	73.3559944591158	13.4901149665754	2.09704234891234	4.90477616163576	31.8909123457943
ENSSSCG00000049061	6.05924294648061	5.21984859760114	1.49043153785909	3.5022397641284	0.000461364237045478	0.0437974517014078	0	0.920945381606816	0	0	33.1562802777276	0.856478945050179	5.69562424444291	4.31505849759505	1.61881379598905	3.77467622804222	34.3334331314503	7.97272808644858
ENSSSCG00000049158	462.149526878044	1.21243923183269	0.326724765984018	3.71088866857431	0.000206532927756857	0.0247885005142536	762.54789942887	158.402605636372	373.771820750774	536.432327608765	1134.68159172668	277.499178196258	229.723511192531	644.382068974194	253.614161371618	123.306090116046	2001.14867394739	1138.77132834774
ENSSSCG00000049323	96.0008134434136	-5.04867242700295	0.779155444763203	-6.47967290857773	9.19216719545066e-11	3.13050744050066e-07	946.040687851596	204.449874716713	456.978975193525	364.536885612586	16.5781401388638	17.1295789010036	0.632847138271434	20.1369396554435	0	1.25822540934741	0	31.8909123457943
ENSSSCG00000049833	35.5340627143901	-5.1286701417976	1.10469095570503	-4.64262888666851	3.44003912334568e-06	0.00139886367038139	333.896713359387	46.0472690803408	256.225205744347	114.103008911257	1.84201557098486	5.99535261535125	0	0	2.15841839465207	1.67763387912987	0	0
ENSSSCG00000050258	9.56935946080638	6.63220439919936	1.86255440719969	3.56081109553773	0.000369710999663107	0.0375121902857426	0	0	0	0	22.1041868518184	1.71295789010036	20.2511084246859	0	7.55446438128224	3.35526775825975	27.7937315826027	0
ENSSSCG00000050398	211.488874840463	1.78013646818999	0.367012732737068	4.85033980950547	1.23250139233066e-06	0.000699112667007684	234.630122901191	49.7310506067681	81.8864059595334	247.470162184154	707.333979258188	137.893110153079	81.0044336987436	506.300197051152	90.1139679767239	44.4572977969417	693.208364177854	972.672826546727
ENSSSCG00000050680	17.1214685282043	6.74937171460458	1.90704849292134	3.53917152062843	0.000401384961668619	0.0394791815186337	1.50403924936661	0	0	0	55.2604671295459	0	35.4394397432003	23.0136453205069	0	15.0987049121689	8.1746269360596	0
ENSSSCG00000051202	7.95732043314008	6.36624974999361	1.65166502929201	3.85444362936141	0.000115993104210444	0.0173529616888152	0	0	0	0	25.7882179937881	2.56943683515054	1.8985414148143	7.19176416265841	0.539604598663017	7.12994398630197	88.2859709094437	1.3287880144081
ENSSSCG00000051423	38.0419428450039	4.75345096297425	1.12192532994713	4.23686927827742	2.26658005551436e-05	0.00510925965861927	10.5282747455663	0	0	7.40928629293875	145.519230107804	15.4166210109032	11.3912484888858	0	10.7920919732603	20.1316065495585	114.444777104834	285.689423097741
ENSSSCG00000051428	64.1290335676828	-3.18953246909362	0.898979231763846	-3.5479490030438	0.000388243385124645	0.0388885699548565	544.462208270712	108.671555029604	319.621132938824	171.895441996179	14.7361245678789	42.823947252509	0	24.4519981530386	0	6.7105355165195	58.8573139396291	7.97272808644858
