NCBI_GeneID_pig,NCBI_GeneID_human,Ensembl_GeneID_pig,Ensembl_GeneID_human,geneName_pig,geneName_human,group,BvsA_log2FoldChange,CvsA_log2FoldChange,CvsB_log2FoldChange,BvsA_pvalue,CvsA_pvalue,CvsB_pvalue,BvsA_padj,CvsA_padj,CvsB_padj,Avg_norm_A,Avg_norm_B,Avg_norm_C,A1,A2,A3,A4,B1,B2,B3,B4,C1,C2,C3,C4,cell type
100513863,114132,ENSSSCG00000022906,ENSG00000142512,SIGLEC10,SIGLEC10,I,-0.49091528,-3.196505826,-2.705590547,0.376009177,9.31E-09,1.18E-06,1,1.56E-07,1.22E-05,1566.701735,1000.027484,190.2899797,2273.732917,1414.409005,1435.584486,1143.08053,764.3409964,1539.48092,1267.88667,428.4013495,213.8125898,237.5065925,160.9217187,148.9190177,
100515209,27181,ENSSSCG00000031916,ENSG00000105366,SIGLEC13,SIGLEC8,I,-0.890897883,-4.914737687,-4.023839804,0.11788422,4.84E-17,6.77E-12,1,3.39E-15,2.02E-10,748.0184002,336.3731212,27.08400077,1029.029283,718.163916,586.0872442,658.7931574,314.366055,501.4792637,394.7600916,134.8870748,20.0449303,46.65308067,23.98833074,17.64966135,
100514653,946,ENSSSCG00000003236,ENSG00000105501,SIGLEC5,SIGLEC5,I,-0.611644588,-0.767832961,-0.156188373,0.195977822,0.104516842,0.741660382,1,0.247957069,0.937312054,648.2165027,320.4532076,299.2555086,288.0963655,1119.149514,319.8549968,865.765135,104.788685,680.3200613,345.6305605,151.0735237,418.0799748,429.4204017,139.9319293,209.5897286,
100518460,284266,ENSSSCG00000004493,ENSG00000197046,SIGLEC15,SIGLEC15,I,0.399577331,-3.386127407,-3.785704737,0.56689088,2.62E-05,2.50E-06,1,0.000201567,2.41E-05,44.33907243,40.05107551,3.170810012,17.5086189,52.86305306,2.822249972,104.1623678,18.49212088,64.0443397,17.23843195,60.4294095,1.909040981,6.361783728,0,4.412415338,
397623,6614,ENSSSCG00000007146,ENSG00000088827,SIGLEC1,SIGLEC1,I,1.698792865,3.589907241,1.891114377,9.15E-09,4.68E-34,1.19E-10,3.12E-05,2.08E-31,2.74E-09,486.109775,1284.179462,4868.937264,148.8232606,709.1385167,441.2117456,645.2655772,407.5115527,2444.560362,834.3401062,1450.305828,3371.366372,3943.245614,5721.216883,6439.920186,
100135031,3133,ENSSSCG00000001229,ENSG00000204592,SLA-3,HLA-E,A,0.103418669,0.178986368,0.075567699,0.67307615,0.46523847,0.757848801,1,0.742871708,0.949616571,41266.6496,34513.90826,40092.91334,19201.384,63246.13029,27087.01448,55532.06962,14816.98308,62384.0204,25349.11418,35505.51537,23213.93833,47798.20175,27701.52444,61657.98883,
100135040,3122,ENSSSCG00000001453,ENSG00000204287,SLA-DRA,HLA-DRA,A,-0.373198265,-0.81115772,-0.437959455,0.266836474,0.015803939,0.192566404,1,0.052871595,0.391029451,68006.26163,39617.22394,37187.28876,55177.6166,83733.78671,60439.4239,72674.2193,34353.56634,53658.28121,39089.86828,31367.17992,27106.47289,42421.4342,40864.12142,38357.12653,
100037921,3120,ENSSSCG00000001457,ENSG00000179344,SLA-DQB1,HLA-DQB1,A,-0.407316329,-0.806729583,-0.399413254,0.285843544,0.034529279,0.295311423,1,0.100947276,0.535648965,43411.01652,24726.39651,24030.98894,38433.01017,56918.03603,37826.61638,40466.40351,22829.55057,33753.78379,25331.87575,16990.37594,22717.58767,26854.14941,23776.43382,22775.78487,
100135049,3112,ENSSSCG00000001459,ENSG00000241106,SLA-DOB,HLA-DOB,A,-0.021603332,-0.526471185,-0.504867853,0.970995127,0.378972365,0.400516523,1,0.646372793,0.664479319,38.72211962,31.69429173,23.40392126,16.71277258,91.54333579,26.34099974,20.29137035,8.218720391,73.71140984,27.58149111,17.26554557,8.590684413,41.35159423,14.99270672,28.6806997,
100135050,3109,ENSSSCG00000001469,ENSG00000242574,SLA-DMB,HLA-DMB,A,0.157463084,0.872648735,0.715185651,0.578300083,0.002053077,0.011531518,1,0.009359344,0.040049547,2986.870529,2480.251038,4659.267975,1456.398754,5112.244034,2285.081727,3093.7576,1608.814517,4529.022362,2013.448851,1769.718421,3730.266076,4999.301713,5476.336006,4431.168103,
445528,3108,ENSSSCG00000001470,ENSG00000204257,SLA-DMA,HLA-DMA,A,-0.213208194,0.479571842,0.692780035,0.468629573,0.102799751,0.018488512,1,0.244568641,0.059539227,2599.0456,1661.426086,3111.617592,1395.914434,4454.679227,1762.965483,2782.623254,1132.128734,3126.088808,1312.706593,1074.780212,2371.028898,3625.156428,3231.428054,3218.856989,
100157996,3111,ENSSSCG00000001472,ENSG00000204252,SLA-DOA,HLA-DOA,A,0.036525695,0.306169447,0.269643752,0.908273561,0.333614038,0.394688811,1,0.590641547,0.658328729,740.6591204,583.8289724,843.0780205,508.5457943,1111.413457,628.4209938,714.2562364,439.7015409,994.499841,505.086056,396.0284515,638.5742081,894.8909111,947.5390644,891.3078983,
100516016,6367,ENSSSCG00000002821,ENSG00000102962,CCL22,CCL22,B,-1.912590487,-6.140807423,-4.228216936,0.039834866,1.92E-10,1.20E-05,0.963702768,4.46E-09,9.95E-05,483.7043282,85.85033512,8.136382215,712.2824505,137.9596751,504.241995,580.3331921,167.7988747,4.833535072,101.7067485,69.06218228,1.909040981,5.30148644,10.99465159,14.34034985,
494464,6363,ENSSSCG00000010966,ENSG00000172724,CCL19,CCL19,B,0.434254613,0.137053293,-0.29720132,0.520300004,0.83933954,0.659720465,1,0.942417619,0.88767037,66.19120311,75.47531095,69.66694087,26.26292834,56.73108133,88.43049912,93.34030362,15.75254742,41.08504811,68.09180619,176.9718421,9.545204904,126.1753773,46.97714771,95.9700336,
553951,6364,ENSSSCG00000016254,ENSG00000115009,CCL20,CCL20,B,-0.126409866,-2.903221417,-2.776811551,0.877978201,0.000777277,0.001332991,1,0.004012895,0.006362525,47.88756414,32.43962083,6.867894212,32.62969885,9.025399303,80.9044992,68.9906592,32.87488157,8.458686375,38.78647188,49.63844352,5.727122942,5.30148644,0.999513781,15.44345368,
554303,56477,ENSSSCG00000016871,ENSG00000151882,CCL28,CCL28,B,0.782152058,-9.565112984,-10.34726504,0.399623207,3.97E-12,6.00E-14,1,1.25E-10,2.56E-12,228.0162935,255.1071408,0,23.07954309,199.8481274,14.11124986,675.0262537,19.86190761,240.4683698,148.2505147,611.8477712,0,0,0,0,
397422,6347,ENSSSCG00000017723,ENSG00000108691,CCL2,CCL2,B,0.236676682,-0.719031589,-0.955708271,0.701582318,0.244586314,0.121949709,1,0.472569795,0.275115213,1204.786129,1103.692066,689.7534,243.5289719,1317.708298,1864.566482,1393.340764,230.8090643,1185.424476,1821.240335,1177.294389,245.311766,1041.211937,288.8594827,1183.630414,
780408,6361,ENSSSCG00000023852,ENSG00000102970,CCL17,CCL17,B,-2.314882949,-4.169695992,-1.854813043,0.000172558,3.61E-07,0.035205628,0.057030432,4.35E-06,0.101576812,27.73008041,4.385888065,1.320330684,13.52938733,33.5229117,17.87424982,45.9937728,2.739573464,7.250302607,0,7.553676187,0.95452049,2.120594576,0,2.206207669,
414374,1230,ENSSSCG00000011322,ENSG00000163823,CCR1,CCR1,B,-0.908381793,-0.091453476,0.816928318,0.051493144,0.844489663,0.079907577,1,0.942417619,0.197370559,3433.17245,1225.591846,2336.639398,1335.430114,5094.193235,566.3314944,6736.734957,785.5726907,2323.721986,519.7387232,1273.333986,1979.675497,2986.85746,2696.688181,1683.336451,
396663,1236,ENSSSCG00000017466,ENSG00000126353,CCR7,CCR7,B,-0.973812171,-5.58059721,-4.606785038,0.250205477,4.80E-11,5.66E-08,1,1.23E-09,7.79E-07,7231.239065,2695.388089,191.7551894,13178.4191,2940.99083,8184.524919,4621.021408,5035.336026,722.6134932,3994.144682,1029.458155,96.40656953,165.4063769,276.8653173,228.3424937,
414370,9034,ENSSSCG00000023557,ENSG00000121797,CCRL2,CCRL2,B,-0.899685521,0.721635425,1.621320946,0.005844532,0.023233784,5.74E-07,0.426193265,0.072695596,6.39E-06,174.7790761,65.62894629,237.1508342,71.62616821,272.0513218,133.5864987,221.8523159,34.2446683,89.42039882,87.05408133,51.79663671,202.358344,270.3758085,293.8570516,182.0121327,
414372,729230,ENSSSCG00000024311,ENSG00000121807,CCR2,CCR2,B,-3.121294044,-3.98339907,-0.862105026,8.74E-08,1.03E-11,0.143152304,0.000137695,2.99E-10,0.311866808,1590.733419,128.6751734,81.51240869,819.7217028,2604.47237,307.625247,2631.114356,38.35402849,60.4191884,109.4640429,306.4634339,31.49917618,114.5121071,50.97520283,129.0631486,
414371,1234,ENSSSCG00000024344,ENSG00000160791,CCR5,CCR5,B,-0.355083762,-2.612748773,-2.257665011,0.463963741,7.90E-08,3.52E-06,1,1.07E-06,3.30E-05,1675.512117,1020.102579,257.9297525,923.1817236,2636.705939,1486.384985,1655.775821,471.2066358,1804.116965,1251.510159,553.5765549,93.54300806,402.9129695,103.9494332,431.3135993,
,1235,ENSSSCG00000024562,ENSG00000112486,CCR6,CCR6,B,-0.674854003,-5.52891978,-4.854065777,0.187200784,5.78E-21,1.89E-16,1,6.97E-19,1.17E-14,309.229459,126.6704048,6.328683989,276.9545171,340.386488,142.0532486,477.5235823,171.2233415,126.8802956,75.84910057,132.7288816,2.863561471,7.422081016,3.998055124,11.03103834,
100518910,23765,ENSSSCG00000000765,ENSG00000177663,IL17RA,IL17RA,D,0.154736873,-0.236352407,-0.39108928,0.308660049,0.121190173,0.010370265,1,0.278054847,0.036643749,727.8578503,613.6041622,508.3418919,354.9474558,1098.520029,417.6929959,1040.27092,299.2984009,1060.960948,441.3038578,652.8534419,480.1238067,541.8119142,458.7768255,552.6550211,
396589,3603,ENSSSCG00000001787,ENSG00000172349,IL16,IL16,D,0.125189948,0.388699227,0.263509279,0.782410209,0.389858211,0.560125938,1,0.659287332,0.812628045,159.6522283,141.6703973,162.7103103,40.58816198,308.1529191,107.2454989,182.6223332,26.71084127,344.3893739,106.0163565,89.56501765,123.1331433,173.8887552,204.9003251,148.9190177,
100522257,259307,ENSSSCG00000003192,ENSG00000104951,IL4I1,IL4I1,D,-0.597039637,-1.288288123,-0.691248486,0.017817541,3.67E-07,0.006634673,0.720976724,4.41E-06,0.02515749,628.3002633,327.6519111,239.2423666,512.5250258,716.8745732,447.7969956,836.0044585,215.7414103,496.6457286,293.9152647,304.3052407,199.4947825,237.5065925,240.8828212,279.0852701,
397178,3595,ENSSSCG00000003799,ENSG00000081985,IL12RB2,IL12RB2,D,0.686727301,0.357779465,-0.328947835,0.429124139,0.680636387,0.704301662,1,0.919234334,0.921573778,46.70493852,57.34063107,50.28147753,12.73354101,99.27939233,20.69649979,54.11032094,7.533827025,131.7138307,62.05835501,28.05651155,4.772602452,39.23099966,5.997082686,151.1252253,
733613,149233,ENSSSCG00000003801,ENSG00000162594,IL23R,IL23R,D,0.404524872,-2.661959402,-3.066484273,0.622771298,0.001488419,0.000250858,1,0.007061632,0.001483932,116.7278085,119.6870008,19.15134726,116.9894081,199.8481274,74.31924926,75.75444932,133.5542064,211.4671594,51.71529584,82.01134146,2.863561471,56.19575627,0.999513781,16.54655752,
100622457,53832,ENSSSCG00000004157,ENSG00000016402,IL20RA,IL20RA,D,0.764126763,-7.353795027,-8.11792179,0.208673902,5.03E-10,6.08E-12,1,1.10E-08,1.82E-10,43.45693057,52.89322027,0,9.550155761,63.17779512,13.17049987,87.92927153,10.95829386,64.0443397,27.58149111,108.9887564,0,0,0,0,
100518643,90865,ENSSSCG00000005203,ENSG00000137033,IL33,IL33,D,-0.885992956,-3.521896287,-2.635903331,0.50126899,0.007850849,0.04677046,1,0.029191027,0.127902509,226.7051097,139.4913351,25.27377334,456.0199376,52.86305306,27.28174973,370.6556984,26.02594791,44.71019941,57.74874702,429.4804461,0.95452049,30.74862135,0.999513781,68.39243774,
397253,3574,ENSSSCG00000006161,ENSG00000104432,IL7,IL7,D,-0.790060082,1.299271304,2.089331387,0.29319317,0.068942608,0.004626604,1,0.177653796,0.018512739,14.55001511,6.120610551,35.51874411,20.69200415,20.62948412,4.703749953,12.17482221,7.533827025,7.250302607,8.619215973,1.079096598,39.13534011,24.38683763,50.97520283,27.57759586,
100518723,50615,ENSSSCG00000007816,ENSG00000103522,IL21R,IL21R,D,-0.489272417,-3.43004968,-2.940777264,0.517221722,6.45E-06,0.000110625,1,5.82E-05,0.000721188,590.8553176,352.4757792,67.49386852,908.0606436,379.0667707,467.5527454,608.7411106,415.0453798,428.9762376,272.3672248,293.5142747,4.772602452,85.88408033,25.98735831,153.331433,
397614,3566,ENSSSCG00000007817,ENSG00000077238,IL4R,IL4R,D,-0.238513995,-1.261028593,-1.022514598,0.459285489,9.23E-05,0.001524859,1,0.000619825,0.007168134,4860.338631,3265.816946,1864.723758,4468.67705,6163.058381,2256.859228,6552.759866,2380.004447,5134.42263,1978.110066,3570.730643,1872.769202,2076.06209,1458.290607,2051.773132,
396565,3553,ENSSSCG00000008087,ENSG00000125538,IL1B2,IL1B,D,-4.012972239,-6.952659598,-2.939687359,NA,NA,NA,NA,NA,NA,15.24070696,0.684893366,0,53.321703,1.289342758,0.940749991,5.411032094,2.739573464,0,0,0,0,0,0,0,
110258578,3553,ENSSSCG00000008088,ENSG00000125538,IL1B,IL1B,D,-3.0816472,-6.874010127,-3.792362927,NA,NA,NA,NA,NA,NA,23.65623139,2.620419814,0.265074322,79.58463134,3.868028273,8.466749916,2.705516047,5.479146928,2.416767536,2.585764792,0,0,1.060297288,0,0,
397094,3552,ENSSSCG00000008090,ENSG00000115008,IL1A,IL1A,D,-1.49181754,-0.257348902,1.234468638,0.040423884,0.723652988,0.089917728,0.968802113,0.93806352,0.21704608,6228.383555,1817.141855,5955.078274,11487.24569,2756.614816,4808.173202,5861.500516,2250.5596,1429.517997,2567.664438,1020.825382,9423.026281,4253.91272,7383.4083,2759.965794,
100517818,8807,ENSSSCG00000008157,ENSG00000115607,IL18RAP,IL18RAP,D,-3.032011574,-3.217495962,-0.185484388,0.003447309,0.001977712,0.870224404,0.334781108,0.009071629,0.986332373,29.25076613,2.772734915,2.445384478,10.34600207,25.78685515,3.762999963,77.10720734,0,4.833535072,0.861921597,5.395482991,0,1.060297288,0.999513781,7.721726841,
100626904,3554,ENSSSCG00000008162,ENSG00000115594,IL1R1,IL1R1,D,0.3807235,-2.833020829,-3.213744329,0.579827246,4.40E-05,3.56E-06,1,0.000319949,3.33E-05,578.7474876,558.9835991,64.14955958,142.4564901,484.7928769,282.2249972,1405.515586,111.6376186,495.4373448,229.2711449,1399.588288,13.36328687,109.2106207,15.9922205,118.0321103,
397683,3600,ENSSSCG00000009051,ENSG00000164136,IL15,IL15,D,0.104758955,1.489058049,1.384299094,0.859605955,0.009680711,0.016444832,1,0.034831862,0.054114511,23.02790614,19.77586219,52.05864562,6.366770507,33.5229117,19.7557498,32.46619256,1.369786732,41.08504811,25.85764792,10.79096598,40.0898606,69.97962101,63.96888199,34.19621887,
100513377,54756,ENSSSCG00000011463,ENSG00000144730,IL17RD,IL17RD,D,0.822928948,-3.032278629,-3.855207577,0.438070227,0.011978352,0.001320314,1,0.041714551,0.006313781,15.63407551,24.17433355,1.622550842,0,27.07619791,17.87424982,17.58585431,0.684893366,48.33535072,12.06690236,35.61018774,0,3.180891864,0,3.309311503,
,84818,ENSSSCG00000011559,ENSG00000163702,,IL17RC,D,0.703666341,-0.137338489,-0.84100483,0.092929151,0.743455034,0.044755313,1,0.942417619,0.123562532,411.0551154,481.9745151,288.2964273,148.8232606,870.3063614,188.1499981,436.9408416,322.5847754,1056.127413,184.4512218,364.7346502,347.4454585,299.0038352,208.8983802,297.8380353,
397615,3597,ENSSSCG00000012633,ENSG00000131724,IL13RA1,IL13RA1,D,-0.143503476,-0.234492827,-0.090989351,0.641776113,0.447081765,0.768103605,1,0.724316291,0.956765508,1495.387449,1082.909976,1156.956578,1171.485773,1321.576327,1050.81774,2437.669958,575.9953208,1210.800535,885.1934805,1659.650568,830.4328266,964.8705321,1620.211839,1212.311114,
100511742,9466,ENSSSCG00000013766,ENSG00000104998,IL27RA,IL27RA,D,-0.11547567,-0.192492577,-0.077016907,0.567833454,0.34046095,0.703912191,1,0.598934179,0.921299483,494.9834929,335.8684951,372.7861335,221.2452751,740.0827429,435.5672457,583.0387081,193.8248226,424.1427025,324.0825206,401.4239345,314.9917618,355.1995915,380.8147506,440.13843,
100271900,3594,ENSSSCG00000013894,ENSG00000096996,IL12RB1,IL12RB1,D,-0.382952035,1.671025606,2.053977641,0.56573757,0.008738258,0.001570317,1,0.031888805,0.007356509,18.39057932,10.43022056,50.56631033,8.754309448,33.5229117,15.05199985,16.23309628,3.42446683,19.33414029,18.96227514,0,41.99890158,55.13545898,49.97568905,55.15519172,
102162772,27190,ENSSSCG00000014434,ENSG00000127743,IL17B,IL17B,D,0.052484948,-1.027442448,-1.079927396,0.952009858,0.243144519,0.220341289,1,0.470780907,0.43226552,40.07956886,37.32786609,17.49132607,0.795846313,21.91882688,78.08224923,59.52135303,2.739573464,41.08504811,31.0291775,74.45766527,21.95397128,9.542675593,11.99416537,26.47449203,
397057,3606,ENSSSCG00000015037,ENSG00000150782,IL18,IL18,D,0.835817528,0.240340233,-0.595477295,0.064015149,0.594740408,0.186695245,1,0.856357648,0.382710311,294.0857276,427.7159436,318.8536152,157.5775701,448.6912796,264.3507474,305.7233133,222.5903439,950.9980253,347.3544037,189.9210013,171.8136883,573.6208328,154.9246361,375.0553037,
100525654,3587,ENSSSCG00000015085,ENSG00000110324,IL10RA,IL10RA,D,-0.358400476,-2.297755644,-1.939355168,0.311215273,9.33E-11,4.62E-08,1,2.30E-09,6.49E-07,3524.168403,2210.848605,657.6645249,2798.991484,5322.406903,2140.206229,3835.068997,1497.861791,4422.684591,1504.915109,1417.93293,607.0750319,919.2777487,424.7933569,679.511962,
397106,3586,ENSSSCG00000015652,ENSG00000136634,IL10,IL10,D,-0.598449862,-4.148184022,-3.54973416,0.336713717,3.69E-11,1.51E-08,1,9.71E-10,2.35E-07,1515.55303,819.3497327,99.61226871,1696.74434,1084.337259,2262.503728,1018.626792,725.9869679,790.2829842,1344.597692,416.5312869,40.0898606,166.4666742,74.96353358,116.9290065,
100038024,29949,ENSSSCG00000015653,ENSG00000142224,IL19,IL19,D,0.425824974,-7.449936779,-7.875761753,0.657039866,9.34E-08,1.62E-08,1,1.25E-06,2.51E-07,35.01137394,32.48273449,0,31.03800622,7.736056545,28.22249972,73.04893327,35.61445503,2.416767536,24.99572632,66.90398909,0,0,0,0,
100522695,50604,ENSSSCG00000015654,ENSG00000162891,IL20,IL20,D,-0.340281517,-6.74022123,-6.399939713,0.786309903,2.70E-05,6.99E-05,1,0.000206997,0.000481385,20.1093911,10.28659276,0,11.9376947,2.578685515,34.80774966,31.11343454,18.49212088,0,4.309607987,18.34464217,0,0,0,0,
100739374,11009,ENSSSCG00000015655,ENSG00000162892,IL24,IL24,D,0.503885747,-5.751858141,-6.255743889,0.70040503,0.000480583,0.000142231,1,0.002633057,0.000900359,11.25785444,10.18779892,0,1.591692627,5.15737103,20.69649979,17.58585431,4.109360196,0,30.16725591,6.474579589,0,0,0,0,
100271930,3575,ENSSSCG00000016832,ENSG00000168685,IL7R,IL7R,D,-0.772093089,-4.356696304,-3.584603215,0.212079012,2.83E-12,9.16E-09,1,9.18E-11,1.49E-07,1629.206502,693.4019745,83.30848355,2096.25919,1266.134588,627.4802438,2526.951988,947.8924185,601.7751164,255.9907144,967.9496486,36.27177863,83.76348576,60.97034064,152.2283292,
100522044,133396,ENSSSCG00000016915,ENSG00000164509,IL31RA,IL31RA,D,-1.724210653,-3.008218165,-1.284007512,0.211668668,0.03443718,0.375164213,1,0.100778671,0.634752696,26.96920512,5.476497615,2.704251403,14.32523364,23.20816964,0,70.34341722,2.054680098,0,2.585764792,17.26554557,0,5.30148644,0,5.515519172,
100037294,3572,ENSSSCG00000016916,ENSG00000134352,IL6ST,IL6ST,D,0.454033798,-1.653809819,-2.107843616,0.39397921,0.001939087,7.79E-05,1,0.008916927,0.000529706,1651.199237,1626.055403,413.0300079,307.196677,2037.161557,1061.165989,3199.272726,341.7617896,1482.686883,1268.748591,3411.024347,177.5408112,618.1533189,176.9139392,679.511962,
399500,3569,ENSSSCG00000020970,ENSG00000136244,IL6,IL6,D,0.596263382,-2.53196954,-3.128232922,0.258971319,3.35E-06,8.89E-09,1,3.25E-05,1.45E-07,161.8280683,181.1814048,26.74243549,117.7852544,81.22859373,165.5719984,282.7264269,150.6765405,84.58686375,147.3885931,342.0736216,18.13588932,43.47218881,19.99027562,25.37138819,
100628318,3556,ENSSSCG00000021206,ENSG00000196083,IL1RAP,IL1RAP,D,-1.334108702,-0.335335692,0.99877301,0.005471518,0.484008853,0.037637501,0.417233941,0.761526983,0.107578468,834.9368603,245.8346002,618.3228881,873.0434058,536.3665872,336.7884967,1593.548952,209.57737,196.9665542,194.794281,382.0001958,534.5314746,888.5291274,552.7311209,497.4998293,
733692,3601,ENSSSCG00000021815,ENSG00000134470,IL15RA,IL15RA,D,0.262805526,0.627084484,0.364278958,0.348034185,0.023898593,0.188817479,1,0.074366904,0.385594875,133.9982037,123.5455418,179.1820532,62.87185876,203.7161557,92.19349909,177.2113011,51.36700245,164.3401924,93.94945411,184.5255183,106.9062949,188.7329173,119.9416537,301.1473468,
396814,3559,ENSSSCG00000022849,ENSG00000134460,IL2RA,IL2RA,D,-1.220551946,-4.882392615,-3.661840669,0.033863503,1.27E-16,5.71E-10,0.898830375,8.39E-15,1.18E-08,779.6896312,294.4496381,29.59018165,1235.153478,771.026969,298.217747,814.3603301,271.9026663,329.8887686,146.5266715,429.4804461,10.49972539,43.47218881,27.98638587,36.40242654,
106509756,8808,ENSSSCG00000023550,ENSG00000115598,IL1RL2,IL1RL2,D,-1.544684893,-5.524826984,-3.980142091,0.003398453,8.86E-09,4.72E-05,0.331608097,1.50E-07,0.000340196,40.13940223,10.96956489,0.768778767,19.89615784,69.62450891,38.57074962,32.46619256,4.794253562,20.54252405,12.06690236,6.474579589,0.95452049,2.120594576,0,0,
397122,3553,ENSSSCG00000039214,ENSG00000125538,IL1B,IL1B,D,-2.420156978,-5.2114162,-2.791259223,0.04462261,1.54E-05,0.020576046,0.995907864,0.000125567,0.065155888,23925.85643,3629.589252,884.6013877,68545.44713,3959.571609,11042.52339,12155.8836,7487.254276,1204.758617,5022.417148,803.9269656,1414.599367,966.9911267,769.6256114,387.1894459,
100737180,284340,ENSSSCG00000003048,ENSG00000189377,CXCL17,CXCL17,C,0.441173851,-4.149919383,-4.591093235,0.566005027,0.000200367,3.73E-05,1,0.001219761,0.000276323,16.70143084,16.74118345,0.742334567,2.38753894,10.31474206,21.63724979,32.46619256,4.109360196,10.87545391,20.68611834,31.29380135,1.909040981,1.060297288,0,0,
396880,3576,ENSSSCG00000008953,ENSG00000169429,CXCL8,CXCL8,C,-1.72057581,-2.746021455,-1.025445645,0.130881045,0.015911845,0.367959559,1,0.05318917,0.626234164,36379.16203,9187.066918,7038.416676,93698.16986,5853.616119,27852.78497,18112.07718,15768.29996,2471.144805,14993.12619,3515.696717,13160.92852,3715.281697,9628.316253,1649.140233,
396900,6372,ENSSSCG00000008957,ENSG00000124875,AMCF-II,CXCL6,C,-3.621011983,-8.618385939,-4.997373956,0.002437167,9.10E-13,3.46E-05,0.281757636,3.21E-11,0.000258916,5210.030436,392.4543962,18.3286627,14923.71007,424.1937672,491.0714951,5001.146413,617.7738161,79.75332868,169.7985547,702.4918854,17.18136883,24.38683763,12.99367915,18.75276519,
100169744,6373,ENSSSCG00000008978,ENSG00000169248,CXCL11,CXCL11,C,-1.378096941,-2.267258444,-0.889161502,0.014876902,7.62E-05,0.125457842,0.667361528,0.000524566,0.281325963,160.7955717,45.0139979,27.31539103,59.68847351,261.7365798,71.49699929,250.2602343,16.43744078,59.21080463,31.0291775,73.37856868,0.95452049,34.98981051,26.98687209,46.33036105,
414376,10663,ENSSSCG00000011318,ENSG00000172215,CXCR6,CXCR6,C,0.723881393,-0.469909269,-1.193790662,0.468528832,0.645306998,0.237903941,1,0.898361689,0.457822093,11.16821426,12.24364619,6.851592419,2.38753894,16.76145585,6.585249935,18.93861233,3.42446683,14.50060521,18.10035354,12.94915918,0,4.241189152,0,23.16518052,
100524123,2833,ENSSSCG00000012402,ENSG00000186810,CXCR3,CXCR3,C,-0.222861315,0.0547187,0.277580016,0.782187094,0.945167066,0.730443204,1,0.99913799,0.935394831,12.51454133,8.741666052,12.17170105,6.366770507,18.05079861,9.407499907,16.23309628,3.42446683,14.50060521,5.171529584,11.87006258,0,15.90445932,2.998541343,29.78380353,
494467,9547,ENSSSCG00000014310,ENSG00000145824,CXCL14,CXCL14,C,0.68634541,-1.873788924,-2.560134334,0.578697802,0.129907582,0.038509152,1,0.292938954,0.109485707,397.1748425,482.4197087,145.5053453,806.9881618,228.2136681,419.5744958,133.9230443,1077.337265,304.5127095,361.1451493,186.6837115,107.8608154,381.7070237,1.999027562,90.45451443,
100124654,3579,ENSSSCG00000016184,ENSG00000180871,CXCR2,CXCR2,C,-0.008025262,2.435483844,2.443509105,0.989036795,2.24E-05,2.21E-05,1,0.000175977,0.000172562,61.89157909,33.13539552,243.1689959,23.07954309,34.81225445,17.87424982,171.800269,36.29934839,20.54252405,33.6149423,42.08476733,185.1769751,274.6169976,351.8288509,161.0531598,
396735,58191,ENSSSCG00000017920,ENSG00000161921,CXCL16,CXCL16,C,0.052275086,-0.182939633,-0.235214719,0.912032667,0.699048464,0.61914825,1,0.926839474,0.860407083,2800.378624,2405.113231,2568.350228,3500.132086,3020.930081,2134.561729,2545.8906,2444.384423,3869.244825,1758.320059,1548.503618,2706.06559,3126.816702,2325.868568,2114.650051,
100154350,4795,ENSSSCG00000001402,ENSG00000204498,NFKBIL1,NFKBIL1,E,-0.092003335,0.700561558,0.792564893,0.799371138,0.048048128,0.026490557,1,0.132492826,0.080381757,72.66240387,52.62216111,91.13453948,18.30446521,103.1474206,46.09674954,123.1009801,15.06765405,106.3377716,31.8910991,57.1921197,71.58903678,66.79872915,116.9431124,109.2072796,
100153486,4794,ENSSSCG00000001703,ENSG00000146232,NFKBIE,NFKBIE,E,-0.26339108,-0.943867084,-0.680476005,0.411124255,0.003245036,0.033898022,1,0.013819913,0.098483534,2567.475227,1823.868271,1213.179148,2027.02056,3106.026703,2158.080479,2978.773168,885.5671222,3081.378608,1543.701581,1784.825773,1675.183461,894.8909111,1327.354301,955.2879207,
406188,4792,ENSSSCG00000001952,ENSG00000100906,NFKBIA,NFKBIA,E,-0.83159409,-1.819088047,-0.987493957,0.169943806,0.002684296,0.103228889,1,0.01174795,0.242298187,9624.434487,4633.412452,3074.606737,14746.23634,5933.55537,10342.6054,7475.340838,4390.851369,3695.237562,6335.12374,4112.437136,4160.754818,2218.141927,3765.168413,2154.361789,
100524441,84807,ENSSSCG00000002917,ENSG00000167604,NFKBID,NFKBID,E,-0.156537098,0.663422975,0.819960073,0.679321656,0.07874959,0.030038319,1,0.19731693,0.0892051,381.7202318,252.6638889,515.6359848,212.4909657,435.7978521,353.7219965,524.8701131,135.6088865,292.4288718,334.4255798,248.1922176,766.4799538,406.0938613,555.7296622,334.2404618,
100153829,4791,ENSSSCG00000010580,ENSG00000077150,NFKB2,NFKB2,E,-0.867940334,-1.880105891,-1.012165556,0.037492429,6.66E-06,0.015339994,0.942542572,5.98E-05,0.051048044,5308.812733,2478.199459,1501.821158,6501.268534,5009.096613,4358.494707,5366.391079,1817.706993,3155.090018,2672.818873,2267.181953,1800.225645,1576.662067,1122.453976,1507.942942,
100520981,64332,ENSSSCG00000011951,ENSG00000144802,NFKBIZ,NFKBIZ,E,-0.407040346,-0.464511826,-0.05747148,0.351347718,0.287506545,0.895323398,1,0.531037977,0.998190977,4182.145041,2580.37718,2816.663219,3177.814329,3483.804131,4714.098203,5352.863499,1227.328912,2454.227433,3258.063638,3381.888739,4212.298924,2382.488006,3084.499528,1587.366418,
100152238,3459,ENSSSCG00000004156,ENSG00000027697,IFNGR1,IFNGR1,F,-0.555325372,-1.620845444,-1.065520072,0.183505948,0.000104965,0.010806386,1,0.000693594,0.037957639,2815.356769,1450.665232,848.9300837,2841.171339,2832.686038,1379.139486,4208.430211,1426.632881,2027.667963,804.1728503,1544.187232,846.659675,872.6246681,1024.501626,651.9343662,
445459,3456,ENSSSCG00000005163,ENSG00000171855,IFNB1,IFNB1,F,-0.831981388,-2.923270946,-2.091289558,0.514400683,0.040011352,0.148747731,1,0.114061298,0.321483996,11.6630774,4.182969215,1.092402198,0.795846313,21.91882688,0.940749991,22.9968864,0.684893366,10.87545391,5.171529584,0,0,1.060297288,0,3.309311503,
397020,7132,ENSSSCG00000000708,ENSG00000067182,TNFRSF1A,TNFRSF1A,G,-0.047870933,-0.752632095,-0.704761162,0.797768818,5.92E-05,0.000172065,1,0.000417542,0.001061983,1510.651303,1151.129009,776.7584845,1009.133125,2059.080384,831.6229918,2142.768709,619.8284962,1828.284641,726.5999066,1429.802993,646.210372,810.0671281,814.6037315,836.1527065,
397086,7124,ENSSSCG00000001404,ENSG00000232810,TNF,TNF,G,-0.640015989,0.771548397,1.411564386,0.210809733,0.130203497,0.005730077,1,0.293324055,0.022262988,488.4207077,230.4252648,606.1855914,149.6191069,729.7680008,277.5212473,796.7744758,51.36700245,428.9762376,269.78146,171.5763591,1002.246515,376.4055373,773.6236665,272.4666471,
100513161,27242,ENSSSCG00000001727,ENSG00000146072,TNFRSF21,TNFRSF21,G,0.355803092,-2.242865124,-2.598668217,0.214754417,5.92E-15,1.51E-19,1,3.03E-13,1.34E-17,7434.709632,7284.934494,1433.589826,5234.281203,10004.01046,5240.918198,9259.628671,5467.50374,11995.62566,4990.526049,6686.082522,840.932552,2017.745739,1427.305679,1448.375335,
100524628,7293,ENSSSCG00000003331,ENSG00000186827,TNFRSF4,TNFRSF4,G,-0.478797966,-1.222344038,-0.743546072,0.466348547,0.070048202,0.279238732,1,0.179982159,0.51585655,19.14408954,10.20471582,8.300755776,14.32523364,24.49751239,18.81499981,18.93861233,9.588507123,15.70898898,11.20498077,4.316386393,1.909040981,9.542675593,2.998541343,18.75276519,
100523314,388581,ENSSSCG00000003333,ENSG00000184163,C1QTNF12,C1QTNF12,G,-0.230067564,1.101029787,1.331097351,0.787588765,0.178306029,0.109716478,1,0.372937516,0.253489723,8.241772652,5.096441364,16.47101625,3.183385254,9.025399303,11.28899989,9.469306164,2.054680098,0,8.619215973,9.711869384,16.22684834,6.361783728,7.996110248,35.2993227,
100519368,3604,ENSSSCG00000003386,ENSG00000049249,TNFRSF9,TNFRSF9,G,-1.875330972,-2.230078742,-0.354747769,0.047896849,0.018988599,0.713165028,1,0.061449051,0.929373225,82.12439267,14.74649779,14.37512763,41.3840083,55.44173858,8.466749916,223.2050739,2.739573464,15.70898898,23.27188313,17.26554557,0,8.482378304,5.997082686,43.02104954,
100622156,7128,ENSSSCG00000004154,ENSG00000118503,TNFAIP3,TNFAIP3,G,-0.191809558,-1.347368992,-1.155559434,0.573819844,7.85E-05,0.000707984,1,0.000538879,0.003686735,6619.225097,4736.079436,2408.243178,5347.29138,7992.635754,5960.591941,7176.381315,2807.377907,6776.61617,4650.067018,4710.256651,2872.152156,1669.968229,3203.441668,1887.410661,
100521706,8792,ENSSSCG00000004898,ENSG00000141655,TNFRSF11A,TNFRSF11A,G,-1.065557773,0.162212883,1.227770657,0.022765976,0.722772373,0.008598856,0.784591891,0.93806352,0.031268707,104.3278488,35.21466338,88.37931336,25.46708203,122.487562,58.32649942,211.0302517,5.479146928,37.4598968,39.64839348,58.2712163,56.31670893,127.2356746,94.9538092,75.01106074,
100155916,79626,ENSSSCG00000006634,ENSG00000163154,TNFAIP8L2,TNFAIP8L2,G,-0.922622314,0.223011817,1.145634132,0.003467096,0.474267385,0.000279045,0.335114437,0.751543808,0.001628572,316.6364561,126.75286,316.068458,229.2037383,430.640481,125.1197488,481.5818564,85.61167074,201.8000892,66.36796299,153.2317169,244.3572455,294.7626461,389.8103746,335.3435657,
100233173,114905,ENSSSCG00000008737,ENSG00000163145,C1QTNF7,C1QTNF7,G,1.403863751,0.727533959,-0.676329793,0.263626794,0.564902367,0.585108333,1,0.834264101,0.836738612,5.82427905,14.57645396,8.718434094,0.795846313,6.446713788,6.585249935,9.469306164,0,26.58444289,2.585764792,29.13560815,1.909040981,3.180891864,0,29.78380353,
100521146,55504,ENSSSCG00000009283,ENSG00000127863,TNFRSF19,TNFRSF19,G,0.515349065,-5.812554224,-6.327903289,0.075535537,1.44E-16,2.12E-19,1,9.45E-15,1.86E-17,89.8117018,94.72102749,1.305681493,35.8130841,141.8277033,51.74124949,129.8647703,34.2446683,122.0467606,84.46831654,138.1243646,0,2.120594576,1.999027562,1.103103834,
100037976,8600,ENSSSCG00000009429,ENSG00000120659,TNFSF11,TNFSF11,G,-0.587748603,-5.631761679,-5.044013077,0.604872272,3.64E-06,3.42E-05,1,3.49E-05,0.000255768,151.5491349,52.44785937,2.942881526,170.3111111,47.70568203,9.407499907,378.7722466,125.335486,4.833535072,9.481137571,70.14127888,0.95452049,5.30148644,0,5.515519172,
100038026,10673,ENSSSCG00000009542,ENSG00000102524,TNFSF13B,TNFSF13B,G,-0.450665982,1.43189933,1.882565312,0.135891263,1.69E-06,3.77E-10,1,1.75E-05,7.98E-09,412.4394891,221.0886148,920.9010652,218.8577362,517.0264458,192.8537481,721.0200265,123.2808059,404.8085622,170.6604763,185.6046149,455.3062739,1191.774152,1062.483149,974.0406858,
100624226,8797,ENSSSCG00000009633,ENSG00000104689,TNFRSF10A,TNFRSF10A,G,0.297729478,0.593369191,0.295639713,0.278597338,0.030666587,0.281406111,1,0.091695466,0.518365032,1171.100693,1113.089139,1402.141029,483.0787122,1463.40403,750.7184926,1987.201537,359.5690171,1514.104861,776.5913592,1802.091319,1814.543452,1281.899421,1135.447655,1376.673585,
100511621,114900,ENSSSCG00000013231,ENSG00000172247,C1QTNF4,C1QTNF4,G,0.460342117,1.470100955,1.009758839,0.608690552,0.083911265,0.224778876,1,0.207484704,0.43873265,2.929979492,3.578464189,7.208331011,2.38753894,5.15737103,2.822249972,1.352758023,1.369786732,6.04191884,2.585764792,4.316386393,12.40876637,2.120594576,10.99465159,3.309311503,
574053,7292,ENSSSCG00000015488,ENSG00000117586,TNFSF4,TNFSF4,G,-1.355499257,0.191007405,1.546506662,0.052403075,0.766748077,0.026299626,1,0.942417619,0.079893392,17.01116197,4.443032158,15.74035559,8.754309448,30.94422618,9.407499907,18.93861233,6.164040293,9.667070143,0.861921597,1.079096598,21.95397128,19.08535119,11.99416537,9.92793451,
100037306,7133,ENSSSCG00000022208,ENSG00000028137,TNFRSF1B,TNFRSF1B,G,-0.459219464,-2.020077055,-1.560857591,0.264415223,9.23E-07,0.000149727,1,1.01E-05,0.000941411,10477.70118,6401.701579,2658.989336,12457.38234,12952.73734,5989.755191,10510.92984,5094.236856,10558.85736,4997.421421,4956.290675,2077.991108,3233.906729,1794.127237,3529.93227,
100736831,8744,ENSSSCG00000022370,ENSG00000125657,TNFSF9,TNFSF9,G,-0.339097997,0.768858742,1.107956739,0.47711699,0.104477102,0.019763449,1,0.24791069,0.063089707,163.6718146,87.01215765,223.26515,71.62616821,195.9800992,135.4679987,251.6129924,60.95550957,117.2132255,118.0832588,51.79663671,370.3539503,204.6373766,219.8930318,98.17624127,
100286870,7130,ENSSSCG00000023716,ENSG00000123610,TNFAIP6,TNFAIP6,G,-0.39601336,0.029785418,0.425798778,0.570472453,0.965959577,0.541842866,1,1,0.801190804,2596.530364,1661.859476,3195.383933,4880.129594,1382.175436,2151.495229,1972.321198,2080.706046,1686.90374,2236.686545,643.1415725,4118.755916,3858.421831,2199.929832,2604.428153,
100737417,7126,ENSSSCG00000024626,ENSG00000109079,TNFAIP1,TNFAIP1,G,0.216126265,-2.030411878,-2.246538143,0.461085263,2.77E-11,1.73E-13,1,7.46E-10,6.93E-12,281.2545174,249.475257,59.09558893,176.6778816,283.6554067,153.3422485,511.3425329,117.1167656,254.968975,175.8320059,449.9832814,48.68054501,68.91932372,45.97763393,72.80485308,
100519468,8740,ENSSSCG00000026695,ENSG00000125735,TNFSF14,TNFSF14,G,-0.834135621,3.335334783,4.169470404,0.378473204,0.000229976,7.01E-06,1,0.001378309,6.13E-05,20.61201856,6.36567157,119.7397153,0.795846313,11.60408482,3.762999963,66.28514315,4.794253562,9.667070143,3.447686389,7.553676187,328.3550487,33.92951322,76.96256114,39.71173804,
100155929,967,ENSSSCG00000000361,ENSG00000135404,CD63,CD63,H,-0.123505033,-0.652361963,-0.52885693,0.695963345,0.039033354,0.0943347,1,0.111770885,0.225634684,7787.569672,5584.968324,4605.468469,6978.776322,9890.548293,4608.734204,9672.219868,4516.186855,9143.839972,3826.069971,4853.776499,4428.020555,4503.082582,4494.813473,4995.957266,
397165,969,ENSSSCG00000000653,ENSG00000110848,CD69,CD69,H,0.423214396,1.134896077,0.711681681,0.601065271,0.159618916,0.377271608,1,0.342900817,0.637633828,59.46664561,60.77489286,124.4179781,21.48785046,77.36056545,68.67474932,70.34341722,15.06765405,83.37847999,102.5686701,42.08476733,13.36328687,243.8683763,10.99465159,229.4455976,
404704,920,ENSSSCG00000000687,ENSG00000010610,CD4,CD4,H,2.125776406,-2.081002844,-4.206779249,7.84E-06,1.41E-05,1.49E-18,0.007649844,0.000116337,1.18E-16,671.8585422,2265.373606,154.3289628,424.1860851,1188.774022,641.5914936,432.8825675,1908.797811,4119.380265,1524.739306,1508.577044,79.2252007,176.0093498,71.96499223,290.1163085,
100520023,939,ENSSSCG00000000705,ENSG00000139193,CD27,CD27,H,0.18845053,-1.08303735,-1.271487879,0.829542976,0.235070145,0.163331876,1,0.459809571,0.345961699,13.0696841,10.24675619,4.357158889,1.591692627,19.34014136,5.644499944,25.70240245,0,6.04191884,11.20498077,23.74012516,2.863561471,6.361783728,5.997082686,2.206207669,
100153704,80381,ENSSSCG00000001917,ENSG00000103855,CD276,CD276,H,0.402053952,-1.502051993,-1.904105945,0.166540187,3.97E-07,1.23E-10,1,4.73E-06,2.83E-09,391.6116033,381.7940484,118.1807665,153.5983385,439.6658803,307.625247,665.5569476,198.6190761,479.7283559,267.1956952,581.6330664,65.86191384,109.2106207,86.95769895,210.6928324,
102161349,933,ENSSSCG00000002893,ENSG00000012124,CD22,CD22,H,0.355326194,1.044264455,0.688938261,0.462395434,0.030509425,0.153313174,1,0.091358851,0.329267398,264.8301982,281.3316658,569.3472529,276.9545171,390.6708555,236.1282477,155.5671727,254.7803321,484.5618909,211.1707913,174.8136489,458.1698354,796.2832633,315.8463548,707.0895579,
100152548,8763,ENSSSCG00000004414,ENSG00000135535,CD164,CD164,H,-0.281601927,0.847830071,1.129431998,0.187171506,6.96E-05,1.19E-07,1,0.000484308,1.53E-06,3661.001832,2116.780052,5306.686863,1793.83759,4245.805701,1851.395982,6752.968053,1292.393782,2762.365293,1550.596954,2861.764178,4592.198079,4900.694065,5927.116721,5806.738585,
100155478,135228,ENSSSCG00000004485,ENSG00000156535,CD109,CD109,H,0.228402199,-1.894752593,-2.123154792,0.76678895,0.015273332,0.006555812,1,0.051373253,0.024909167,103.0765974,97.2306706,25.5613092,20.69200415,81.22859373,134.5272487,175.8585431,18.49212088,54.37726956,77.57294376,238.4803482,1.909040981,27.56772949,10.99465159,61.77381473,
574058,29126,ENSSSCG00000005211,ENSG00000120217,CD274,CD274,H,-0.434364081,-1.43146617,-0.997102089,0.406100538,0.006241572,0.056909294,1,0.024009019,0.14990723,974.2788367,562.354862,382.0455304,1107.022222,812.2859373,1059.28449,918.522698,543.8053326,564.3152196,793.8297911,347.4691046,331.2186102,508.9426983,428.7914121,259.2294011,
100038011,971,ENSSSCG00000005311,ENSG00000137101,CD72,CD72,H,-0.532724739,-1.794737263,-1.262012524,0.369907067,0.002539002,0.033827674,1,0.011200495,0.098293091,1786.303043,983.5955288,559.3242299,2533.974662,1731.587323,1539.066985,1340.583201,1133.498521,1215.634071,1198.932942,386.3165821,620.4383187,561.9575627,656.6805541,398.2204842,
397302,919,ENSSSCG00000006309,ENSG00000198821,CD247,CD247,H,0.664809806,0.144456241,-0.520353565,0.280450289,0.815388694,0.39743273,1,0.942417619,0.66145176,40.62369918,45.47851869,37.51182294,13.52938733,51.5737103,21.63724979,75.75444932,10.95829386,61.62757216,58.61066862,50.71754011,9.545204904,48.77367525,8.995624029,82.73278759,
100153635,51744,ENSSSCG00000006374,ENSG00000122223,CD244,CD244,H,-1.533382241,2.446240965,3.979623206,0.018805737,8.24E-05,6.66E-10,0.727179984,0.000561582,1.36E-08,42.69382642,9.698977913,215.8391489,49.34247143,70.91385167,11.28899989,39.22998268,15.06765405,6.04191884,6.895372779,10.79096598,271.0838193,266.1346193,205.8998389,120.238318,
100511130,962,ENSSSCG00000006379,ENSG00000117091,CD48,CD48,H,-0.66593006,0.18743121,0.85336127,0.235473197,0.738374987,0.128425362,1,0.940162919,0.286746136,2608.616401,1213.438022,3161.583534,3364.838213,2096.471324,2386.682726,2586.473341,1622.512384,1045.251959,1401.484517,784.5032269,3456.318696,2508.663384,3620.238915,3061.113141,
100152851,8832,ENSSSCG00000006381,ENSG00000066294,CD84,CD84,H,0.600505466,1.538749904,0.938244439,0.056968454,1.03E-06,0.002870309,1,1.13E-05,0.01233789,880.4799353,995.2805205,2073.610926,424.9819314,1589.75962,462.8489954,1044.329194,652.7033777,1945.497866,443.027701,939.893137,1873.723723,1834.314308,2514.776673,2071.629001,
100038008,913,ENSSSCG00000006450,ENSG00000158488,CD1E,CD1E,H,-2.571701997,-4.029115762,-1.457413766,0.0062167,4.96E-05,0.154131891,0.442313884,0.00035737,0.33060992,62.10170029,7.770108357,3.071167512,28.65046728,23.20816964,42.33374958,154.2144147,4.794253562,3.625151304,0,22.66102856,2.863561471,7.422081016,1.999027562,0,
100038007,912,ENSSSCG00000006452,ENSG00000158473,,CD1D,H,-0.79870317,-3.241230681,-2.44252751,0.181122349,1.21E-07,7.03E-05,1,1.59E-06,0.000483874,256.9263834,102.4167041,24.95172941,164.7401869,261.7365798,134.5272487,466.7015181,94.5152845,148.6312035,58.61066862,107.9096598,3.818081962,41.35159423,4.997568905,49.63967255,
100154019,922,ENSSSCG00000006455,ENSG00000073754,CD5L,CD5L,H,5.601923707,5.09632122,-0.505602487,2.10E-08,3.48E-07,0.578562138,5.37E-05,4.21E-06,0.830902493,3.351956366,87.18870217,110.930568,1.591692627,1.289342758,3.762999963,6.763790117,184.2363154,49.54373448,36.20070709,78.77405167,39.13534011,62.55754,9.99513781,332.0342542,
100153761,9398,ENSSSCG00000006734,ENSG00000134256,CD101,CD101,H,0.638255777,0.873856393,0.235600617,0.480186738,0.331338263,0.791857492,1,0.58828978,0.97535176,16.29543554,17.3231046,21.77926001,3.979231567,6.446713788,4.703749953,50.05204687,7.533827025,20.54252405,3.447686389,37.76838094,6.681643433,2.120594576,31.98444099,46.33036105,
396662,914,ENSSSCG00000006736,ENSG00000116824,CD2,CD2,H,-0.864699352,-1.837436875,-0.972737524,0.102222509,0.000536379,0.067419535,1,0.002895399,0.172239197,515.0680791,204.6320016,143.2040011,362.9059189,566.0214706,468.4934954,662.8514315,132.1844196,182.465949,312.8775398,191.0000979,33.40821716,170.7078634,71.96499223,296.7349315,
396702,965,ENSSSCG00000006738,ENSG00000116815,CD58,CD58,H,-0.233837775,-0.336944821,-0.103107045,0.288928944,0.126340188,0.640771595,1,0.286534233,0.873938415,883.4621754,563.5474995,580.3652263,510.9333332,1221.007591,447.7969956,1354.110782,347.9258299,952.2064091,324.9444422,629.1133167,599.438868,570.439941,532.7408453,618.8412511,
100152398,963,ENSSSCG00000006800,ENSG00000143119,CD53,CD53,H,-0.604835577,-0.721652881,-0.116817304,0.119620948,0.063314679,0.763742828,1,0.165714789,0.953387407,14168.01522,7446.956087,8414.740026,15449.76448,14062.86146,8527.898666,18631.53626,6358.550009,11937.62324,6225.659698,5265.991399,7763.115148,8689.136276,8637.798096,8568.910586,
100155660,22918,ENSSSCG00000007116,ENSG00000125810,CD93,CD93,H,0.863517381,-1.365006061,-2.228523442,0.325167405,0.122079752,0.011505171,1,0.279413946,0.039964816,151.8891024,209.4604721,48.3495866,29.4463136,152.1424454,105.363999,320.6036516,25.34105454,103.921004,108.6021213,599.9777086,9.545204904,85.88408033,1.999027562,95.9700336,
100621208,10421,ENSSSCG00000007791,ENSG00000169217,CD2BP2,CD2BP2,H,-0.25945035,0.453267838,0.712718188,0.280142529,0.05606462,0.002863792,1,0.150349447,0.01232038,268.3126662,166.2174653,311.8740165,179.8612668,357.1479438,122.2974988,413.9439552,105.4735784,229.5929159,117.2213372,212.5820298,262.4931349,321.2700783,343.8327407,319.900112,
397669,930,ENSSSCG00000007807,ENSG00000177455,CD19,CD19,H,-0.114719204,-0.418451316,-0.303732112,0.88423037,0.596556172,0.702478154,1,0.857239741,0.921045047,17.45913856,12.87994153,13.41324582,9.550155761,14.18277033,24.45949976,21.64412838,2.054680098,10.87545391,26.71956952,11.87006258,2.863561471,15.90445932,3.998055124,30.88690737,
396636,926,ENSSSCG00000008213,ENSG00000172116,CD8B,CD8B,H,-0.489860104,1.226824627,1.716684731,0.707479528,0.331195919,0.181504595,1,0.58813897,0.374316691,8.34123678,3.904430662,14.40380623,0,11.60408482,2.822249972,18.93861233,0,4.833535072,4.309607987,6.474579589,0,15.90445932,1.999027562,39.71173804,
396627,925,ENSSSCG00000008217,ENSG00000153563,CD8A,CD8A,H,0.890109846,1.357082328,0.466972482,0.272501698,0.093029635,0.56054131,1,0.225405209,0.812826551,28.57438895,36.5058438,62.37634722,7.162616821,55.44173858,17.87424982,33.81895059,9.588507123,49.54373448,53.43913903,33.45199454,3.818081962,91.18556677,9.99513781,144.5066023,
100511702,952,ENSSSCG00000008742,ENSG00000004468,CD38,CD38,H,0.44390342,-0.448631817,-0.892535237,0.467601671,0.463328964,0.144438813,1,0.740798518,0.314226109,460.9903329,554.705319,293.6208197,229.9995846,967.0070682,237.0689977,409.8856811,179.4420619,1483.895267,159.4554955,396.0284515,58.22574991,629.8165891,159.922205,326.518735,
100520753,968,ENSSSCG00000008769,ENSG00000129226,,CD68,H,1.524974074,6.438209895,4.913235821,0.04494277,2.13E-17,7.95E-11,0.995907864,1.56E-15,1.91E-09,77.59387342,143.4445969,5882.038387,81.17632397,165.035873,14.11124986,50.05204687,241.0824648,223.5509971,37.92455028,71.22037548,10209.55117,4057.757721,5670.24168,3590.602981,
397441,942,ENSSSCG00000011877,ENSG00000114013,CD86,CD86,H,-0.137761997,-2.768896423,-2.631134426,0.715792841,2.72E-13,3.82E-12,1,1.06E-11,1.19E-10,8064.611345,5589.469481,1104.826823,6315.836343,11039.35269,5983.169941,8920.086407,4875.070979,10012.6679,4126.018686,3344.120358,643.3468105,1240.547827,1400.318807,1135.093846,
397161,941,ENSSSCG00000011899,ENSG00000121594,CD80,CD80,H,-1.117792577,-0.887734853,0.230057724,0.013191818,0.048866614,0.61032332,0.640280682,0.134448096,0.855998299,1252.878592,418.2394088,598.6032964,886.5727931,1317.708298,1031.06199,1776.171285,244.5069316,522.0217877,693.8468859,212.5820298,845.7051545,564.0781572,557.7286898,426.9011839,
100155169,131450,ENSSSCG00000011925,ENSG00000163606,CD200R1,CD200R1,H,-0.155813311,2.501847833,2.657661143,0.656543551,5.53E-13,2.14E-14,1,2.05E-11,9.74E-13,256.4832571,182.4433778,1320.548968,191.0031152,348.1225445,213.5502479,273.2571207,138.3484599,333.5139199,132.735926,125.1752054,1385.009232,1347.637853,1583.229829,966.318959,
397042,961,ENSSSCG00000011942,ENSG00000196776,CD47,CD47,H,-0.14851877,0.484473747,0.632992517,0.266884516,0.000277554,2.13E-06,1,0.001629614,2.07E-05,2414.362586,1718.06097,2948.659005,1462.765524,3285.245346,1707.461233,3201.978242,869.1296814,2697.11257,1320.463887,1985.537741,2373.89246,3068.500352,3251.41833,3100.824879,
100517448,83692,ENSSSCG00000012744,ENSG00000102181,CD99L2,CD99L2,H,0.85490742,-0.735123808,-1.590031228,0.068415648,0.128004764,0.000885598,1,0.289380584,0.004471856,46.57461873,69.87151343,24.86630303,20.69200415,65.75648064,59.26724941,40.5827407,32.1899882,119.629993,62.92027661,64.74579589,41.04438109,9.542675593,17.99124806,30.88690737,
100511619,977,ENSSSCG00000012840,ENSG00000177697,CD151,CD151,H,0.343862069,0.77415212,0.430290051,0.168908893,0.00190397,0.084143785,1,0.008780195,0.20579975,618.5865305,629.4754182,882.6022936,266.608515,700.1131174,539.0497447,968.5747448,215.7414103,890.5788369,470.6091921,940.9722336,949.7478879,686.0123454,994.5162121,900.1327289,
100513519,923,ENSSSCG00000013111,ENSG00000013725,CD6,CD6,H,0.643132357,0.427774104,-0.215358253,0.442501753,0.60957999,0.796550281,1,0.868026656,0.978661218,46.35169787,50.63198962,54.0167024,15.91692627,68.33516615,25.40024975,75.75444932,15.75254742,84.58686375,69.81564938,32.37289795,4.772602452,59.37664813,2.998541343,148.9190177,
100513336,921,ENSSSCG00000013115,ENSG00000110448,CD5,CD5,H,0.994487126,-0.694399365,-1.688886491,0.114548134,0.274832698,0.007689822,1,0.514395033,0.028478608,99.17381235,144.6364242,52.66807104,39.79231567,190.8227281,47.03749953,119.0427061,63.69508303,311.7630121,136.1836124,66.90398909,7.636163923,61.49724271,17.99124806,123.5476295,
100525150,960,ENSSSCG00000013297,ENSG00000026508,CD44,CD44,H,-0.507949184,-0.196003135,0.311946049,0.170134611,0.596538995,0.399557727,1,0.857239741,0.663425766,8427.588481,4663.181744,7100.016682,8756.696987,7301.548036,5646.381444,12005.72746,3884.030278,5487.27069,3905.366758,5376.059252,7102.586969,5986.438488,8344.940558,6966.100715,
100037938,929,ENSSSCG00000014369,ENSG00000170458,CD14,CD14,H,0.225849616,-0.623856054,-0.84970567,0.613126736,0.16273321,0.057257843,1,0.347894231,0.150600982,1717.453144,1420.627397,1021.846573,1485.845067,1894.044511,791.1707422,2698.752257,1521.148166,2024.042811,785.2105752,1352.108038,930.6574781,1486.536798,456.7777979,1213.414218,
396661,915,ENSSSCG00000015093,ENSG00000167286,CD3D,CD3D,H,0.796796844,0.763219549,-0.033577295,0.346377569,0.366862117,0.968246818,1,0.631234499,1,63.63959489,79.51859467,88.13114752,16.71277258,114.7515054,21.63724979,101.4568518,17.80722751,169.1737275,79.29678695,51.79663671,5.727122942,73.16051288,9.99513781,263.6418164,
733702,948,ENSSSCG00000015405,ENSG00000135218,CD36,CD36,H,0.885913875,-0.928703174,-1.814617049,0.001734921,0.001103944,1.70E-10,0.237984985,0.005444266,3.84E-09,778.1323846,1200.956977,352.4475716,434.5320871,1148.804397,591.7317441,937.4613103,536.9563989,2567.815507,742.9764169,956.079586,407.5802494,255.5316464,309.8492721,436.8291185,
396743,1604,ENSSSCG00000015664,ENSG00000196352,CD55,CD55,H,-0.168788542,-0.189985469,-0.021196927,0.607908291,0.563243762,0.948690069,1,0.832534655,1,372.0172442,242.0646333,278.9685617,233.1829698,394.5388838,206.9649979,653.3821253,105.4735784,178.8407976,266.3337736,417.6103835,231.9484792,310.6671054,258.8740693,314.3845928,
397644,4064,ENSSSCG00000016957,ENSG00000134061,CD180,CD180,H,0.997586719,1.177803513,0.180216793,0.073414305,0.034304352,0.744897681,1,0.100490418,0.939015587,94.86930388,149.1827191,187.7433652,35.8130841,174.0612723,66.79324934,102.8096098,73.28359016,328.6803849,74.98717897,119.7797224,31.49917618,317.0288891,86.95769895,315.4876967,
100514248,10871,ENSSSCG00000017236,ENSG00000167850,CD300C,CD300C,H,-1.055288255,-0.806757889,0.248530366,0.068397011,0.163258169,0.668081548,1,0.348543775,0.895392701,702.5424138,249.3669814,357.7108152,715.4658358,941.220213,207.9057479,945.5778584,232.8637444,361.3067466,181.0035354,222.2938992,678.6640687,260.8331329,101.9504057,389.3956536,
100623358,124599,ENSSSCG00000017237,ENSG00000178789,CD300LB,CD300LB,H,-0.789893895,-2.258557337,-1.468663442,0.180166214,0.00019317,0.016279316,1,0.001182626,0.053656017,89.06497781,42.44344103,16.82773942,82.7680166,81.22859373,15.05199985,177.2113011,19.17701425,66.46110723,21.54803993,62.58760269,12.40876637,23.32654034,3.998055124,27.57759586,
100511898,974,ENSSSCG00000017283,ENSG00000007312,CD79B,CD79B,H,0.925444151,0.25608909,-0.669355061,0.255459797,0.754405656,0.40919494,1,0.942417619,0.673966202,21.64176714,26.7067523,22.05778873,4.775077881,20.62948412,17.87424982,43.28825675,13.69786732,27.79282666,36.20070709,29.13560815,0,37.11040508,6.996596467,44.12415338,
103158530,968,ENSSSCG00000017956,ENSG00000129226,CD68,CD68,H,1.172929107,0.395019242,-0.777909865,0.000642363,0.250453374,0.023576902,0.135697499,0.480663115,0.073000045,3612.624168,6455.289872,4410.767828,2777.503634,5558.356628,2794.968222,3319.66819,5186.69746,12123.71434,4034.654997,4476.092689,4012.804142,4838.136525,4274.920441,4517.210202,
100514068,100130520,ENSSSCG00000020967,ENSG00000284690,CD300H,CD300H,H,0.266504281,-2.959012078,-3.225516358,0.544439361,2.06E-11,2.76E-13,1,5.69E-10,1.06E-11,2294.404936,2264.169807,298.3329318,2523.62866,3042.848908,1345.272487,2265.869689,1960.164813,4042.043704,1522.153541,1532.317169,247.220807,365.8025644,158.9226912,421.3856648,
100153365,9308,ENSSSCG00000021576,ENSG00000112149,CD83,CD83,H,-0.383968007,-0.902446896,-0.518478889,0.446244386,0.073448367,0.303810389,1,0.186682025,0.546485506,4119.949315,2604.601761,2191.222631,3389.509449,3947.967524,5460.112946,3682.20734,1694.426187,3998.541888,3657.133337,1068.305632,2774.791066,2421.719006,2108.974078,1459.406373,
397067,928,ENSSSCG00000022230,ENSG00000010278,CD9,CD9,H,0.351363889,3.865061133,3.513697244,0.369398689,4.82E-23,2.52E-19,1,7.43E-21,2.19E-17,1594.240698,1425.943337,17300.30306,353.3557632,1912.095309,1079.980989,3031.530731,445.1806879,1392.058101,1288.572788,2577.961773,19336.67609,12799.90886,21017.77579,16046.85148,
100515853,146894,ENSSSCG00000023014,ENSG00000161649,CD300LG,CD300LG,H,0.419395026,-1.178484976,-1.597880002,0.350701783,0.010217581,0.000483784,1,0.036545375,0.002637194,88.61746966,94.8483982,39.39245468,72.42201452,81.22859373,112.8899989,87.92927153,71.22891006,112.3796904,113.7736508,82.01134146,38.18081962,63.61783728,25.98735831,29.78380353,
100627543,10225,ENSSSCG00000023993,ENSG00000153283,CD96,CD96,H,1.199336202,0.886471314,-0.312864888,0.280638885,0.425867308,0.775749318,1,0.700953162,0.962978086,11.15940288,15.426948,16.2323356,1.591692627,18.05079861,4.703749953,20.29137035,6.848933659,29.00121043,25.85764792,0,1.909040981,21.20594576,0.999513781,40.81484188,
396785,909,ENSSSCG00000025644,ENSG00000158477,CD1A,CD1A,H,-2.336440145,-4.556740592,-2.220300448,0.011772612,1.48E-06,0.01963399,0.61382338,1.55E-05,0.062744866,358.6764799,43.28590983,12.35458859,161.5568016,232.0816964,84.66749916,956.3999226,17.80722751,2.416767536,61.19643341,91.72321084,0,14.84416203,6.996596467,27.57759586,
102158693,146722,ENSSSCG00000037541,ENSG00000186074,CD300LF,CD300LF,H,-0.857245232,2.365422856,3.222668088,0.014173002,7.63E-12,1.94E-20,0.660862496,2.31E-10,1.91E-18,384.3357822,169.9653611,1846.029255,387.5771546,419.0363962,169.3349983,561.3945798,124.6505926,261.0108939,112.9117293,181.2882285,1652.274969,2065.459117,1919.06646,1747.316474,
100516043,131450,ENSSSCG00000044512,ENSG00000163606,CD200R1L,CD200R1,H,1.37882005,-3.35292464,-4.731744689,0.163767548,0.004516758,5.32E-05,1,0.018255009,0.000377738,14.29554748,22.04446488,1.378879793,11.9376947,11.60408482,6.585249935,27.05516047,39.03892186,33.8347455,12.06690236,3.237289795,0,0,0,5.515519172,
