NCBI_GeneID_pig,NCBI_GeneID_human,Ensembl_GeneID_pig,Ensembl_GeneID_human,geneName_pig,geneName_human,group,groupName,BvsA_log2FoldChange,CvsA_log2FoldChange,CvsB_log2FoldChange,BvsA_pvalue,CvsA_pvalue,CvsB_pvalue,BvsA_padj,CvsA_padj,CvsB_padj,Avg_norm_A,Avg_norm_B,Avg_norm_C,A1,A2,A3,A4,B1,B2,B3,B4,C1,C2,C3,C4
100513863,114132,ENSSSCG00000022906,ENSG00000142512,SIGLEC10,SIGLEC10,I,I. Siglec family,0.969688269,-0.540810215,-1.510498484,0.187258045,0.476828715,0.045503381,0.97175795,0.867840348,0.442462734,32.5462974,58.62705041,13.20652493,51.13733448,29.47025221,6.603742416,42.9738605,127.0990744,38.54155253,17.08687273,51.78070197,6.475255184,2.097042349,16.34925387,27.9045483
100514653,946,ENSSSCG00000003236,ENSG00000105501,SIGLEC5,SIGLEC5,I,I. Siglec family,1.12438386,0.056106239,-1.068277622,0.203107948,0.949938723,0.229839367,0.97175795,1,0.808046418,38.70460219,65.08562923,28.72727647,24.06462799,40.52159679,1.320748483,88.91143552,64.47054498,26.5508473,39.86936971,129.4517549,5.396045987,6.291127047,47.41283623,55.80909661
100515209,27181,ENSSSCG00000031916,ENSG00000105366,SIGLEC13,SIGLEC8,I,I. Siglec family,1.242672674,-0.269435958,-1.512108633,0.427609085,0.865047762,0.338453037,1,0.999090645,0.867755224,23.76517111,52.43556218,6.852324445,15.04039249,0,0,80.02029196,176.8334948,0,17.08687273,15.82188116,5.396045987,1.677633879,16.34925387,3.986364043
397623,6614,ENSSSCG00000007146,ENSG00000088827,SIGLEC1,SIGLEC1,I,I. Siglec family,1.59330683,3.885481612,2.292174782,0.02028983,1.31E-08,0.000718107,0.516216366,1.96E-06,0.024278585,48.82177884,227.0834334,508.6804458,39.10502048,44.20537832,5.282993933,106.6937226,769.9625087,22.26845257,24.04819125,92.05458128,176.9903084,59.97541118,964.6059785,833.150085
100157996,3111,ENSSSCG00000001472,ENSG00000204252,SLA-DOA,HLA-DOA,A,A. Swine leukocyte antigen,-0.71470022,0.219172344,0.933872564,0.594459606,0.869873118,0.488001058,1,1,0.926417784,39.46695463,24.36140658,14.53729528,105.2827475,3.683781526,0,48.90128953,81.04868512,0,6.328471383,10.06846983,5.935650585,7.549352456,11.44447771,33.21970036
100135031,3133,ENSSSCG00000001229,ENSG00000204592,SLA-3,HLA-E,A,A. Swine leukocyte antigen,-0.624153978,-0.228283337,0.395870641,0.026305462,0.416523761,0.159251248,0.585034654,0.851310958,0.748752549,4625.162843,3062.584862,2893.698298,4641.465124,1920.171121,5226.201748,6712.813381,6214.960537,1121.987418,490.4565322,4422.93496,741.4167186,218.5118128,4970.173177,5644.691485
100135050,3109,ENSSSCG00000001469,ENSG00000242574,SLA-DMB,HLA-DMB,A,A. Swine leukocyte antigen,-0.041392249,1.73562827,1.777020519,0.959069171,0.030070772,0.026807425,1,0.311620428,0.327434159,64.46232602,51.95555535,106.7326639,99.26659046,2.762836145,22.45272421,133.3671533,156.5713235,31.68972097,9.492707074,10.06846983,46.94560008,12.58225409,188.0164195,179.3863819
100135040,3122,ENSSSCG00000001453,ENSG00000204287,HLA-DRA,HLA-DRA,A,A. Swine leukocyte antigen,0.033492812,-0.074918406,-0.108411219,0.931792787,0.848508658,0.782395114,1,0.995725994,0.995144544,732.6801529,702.3176465,482.841328,690.3540155,138.1418072,538.8653812,1563.359408,1790.439135,245.8094572,143.0234532,629.9985406,81.4802944,52.84546719,967.8758292,829.163721
100037921,3120,ENSSSCG00000001457,ENSG00000232629,SLA-DQB1,HLA-DQB2,A,A. Swine leukocyte antigen,0.237805802,0.519525305,0.281719503,0.556663841,0.199372294,0.486587252,1,0.712276241,0.926417784,604.6988417,728.1578281,660.7771372,451.2117748,202.607984,460.9412206,1304.034388,1790.439135,181.5735364,148.0862304,792.5324107,142.9952186,38.16617075,1289.956131,1171.991029
,,ENSSSCG00000017720,ENSG00000108702,CCL1,CCL1,B,B. CCL & CCR family,-5.990562697,-5.603969684,0,NA,NA,NA,NA,NA,NA,18.39052799,0,0,0,0.920945382,72.64116658,0,0,0,0,0,0,0,0,0
780408,6361,ENSSSCG00000023852,ENSG00000102970,CCL17,CCL17,B,B. CCL & CCR family,-3.0348689,-0.363793878,2.671075022,0.160525034,0.861821528,0.219213685,0.963374446,0.998303277,0.80389969,19.2601987,1.956152825,3.110782238,0,5.52567229,21.13197573,50.38314679,0,0,0.632847138,7.191764163,9.173278177,0,3.269850774,0
,1235,ENSSSCG00000024562,ENSG00000112486,CCR6,CCR6,B,B. CCL & CCR family,-1.475176732,-1.978726891,-0.50355016,0.485862629,0.357593334,0.817012343,1,0.810870174,1,15.05439439,7.79725827,0.828139817,31.58482424,13.81418072,0,14.81857259,11.05209343,0,0,20.13693966,0,1.677633879,1.634925387,0
396663,1236,ENSSSCG00000017466,ENSG00000126353,CCR7,CCR7,B,B. CCL & CCR family,-0.887709368,0.88054222,1.768251588,0.543442767,0.541269665,0.225912003,1,0.905655213,0.808046418,12.84997665,3.303696625,12.08953559,10.52827475,18.41890763,22.45272421,0,3.684031142,2.569436835,6.961318521,0,10.25248737,3.355267758,8.174626936,26.57576029
414370,9034,ENSSSCG00000023557,ENSG00000121797,CCRL2,CCRL2,B,B. CCL & CCR family,-0.181247813,-0.262082475,-0.080834662,0.903725968,0.86230634,0.95755909,1,0.998412303,1,15.07637889,4.394749616,9.235745589,24.06462799,0,6.603742416,29.63714517,0,3.42591578,6.961318521,7.191764163,0.539604599,0.83881694,19.61910465,15.94545617
106509756,8808,ENSSSCG00000023550,ENSG00000115598,IL1RL2,IL1RL2,D,D. Interleukin family,-5.494520244,0.765242576,6.259762821,NA,NA,NA,NA,NA,NA,13.20748483,0,3.428088507,0,0,52.82993933,0,0,0,0,0,0,8.807577865,4.904776162,0
100623299,58985,ENSSSCG00000038848,ENSG00000142677,IL22RA1,IL22RA1,D,D. Interleukin family,-3.378109772,-1.65396618,1.724143592,0.121998188,0.443599612,0.433190055,0.936852756,0.863315089,0.910987335,49.08126037,1.107482492,1.572781762,6.016156997,7.367563053,128.1126029,54.82871857,0,0,4.429929968,0,0,6.291127047,0,0
397122,3553,ENSSSCG00000039214,ENSG00000125538,IL1B,IL1B,D,D. Interleukin family,-2.801623292,-3.352595034,-0.550971742,0.143276245,0.085187389,0.780450802,0.952029385,0.547242506,0.994202058,52.91609666,4.746984158,0.524260587,16.54443174,20.2607984,0,174.8591565,3.684031142,0,3.79708283,11.50682266,0,2.097042349,0,0
100520842,400935,ENSSSCG00000000983,ENSG00000188263,IL17REL,IL17REL,D,D. Interleukin family,-2.621582964,-1.390577001,1.231005963,0.081580482,0.352362209,0.417068517,0.858073198,0.807511853,0.903620854,63.22623857,4.812938031,14.03977181,18.04847099,47.88915984,155.848321,31.11900243,0,17.98605785,1.265694277,0,7.554464381,2.097042349,0,46.5075805
100628318,3556,ENSSSCG00000021206,ENSG00000196083,IL1RAP,IL1RAP,D,D. Interleukin family,-2.338329615,-0.703540116,1.634789499,0.053597139,0.557507289,0.179520684,0.753527588,0.915494309,0.770880584,84.07386292,18.84630671,17.95592075,40.60905973,20.2607984,232.451733,42.9738605,31.31426471,0,3.79708283,40.27387931,11.87130117,10.90462021,49.04776162,0
100738902,53342,ENSSSCG00000025308,ENSG00000172458,IL17D,IL17D,D,D. Interleukin family,-2.330701161,-3.511994803,-1.181293642,0.109636914,0.022888729,0.454329314,0.920268553,0.263611683,0.920146363,29.42072534,7.170831596,2.657576029,25.56866724,25.78647068,51.50919085,14.81857259,12.894109,4.282394725,0,11.50682266,0,0,0,10.63030412
397094,3552,ENSSSCG00000008090,ENSG00000115008,IL1A,IL1A,D,D. Interleukin family,-2.270822079,1.640896137,3.911718216,0.114018544,0.241209736,0.006372534,0.925490856,0.739797927,0.121671252,43.75663224,3.884637309,136.5528906,90.24235496,9.209453816,0,75.57472019,9.210077855,0,6.328471383,0,2.698022993,1.258225409,305.7310474,236.5242666
100271900,3594,ENSSSCG00000013894,ENSG00000096996,IL12RB1,IL12RB1,D,D. Interleukin family,-1.593698219,0.190048369,1.783746587,0.113794159,0.847943119,0.077891761,0.924319341,0.995579657,0.582725203,51.54103958,20.41594993,16.67578948,22.56058874,5.52567229,95.09389079,82.98400648,58.94449827,0.856478945,3.164235691,18.69858682,10.79209197,12.58225409,32.69850774,10.63030412
397106,3586,ENSSSCG00000015652,ENSG00000136634,IL10,IL10,D,D. Interleukin family,-1.576778891,-4.142607272,-2.56582838,0.306858226,0.01644477,0.142895439,0.995469771,0.216335148,0.730123272,22.24938347,10.68481753,0.209704235,31.58482424,12.89323534,23.7734727,20.74600162,34.99829585,3.42591578,0,4.315058498,0,0.83881694,0,0
100513377,54756,ENSSSCG00000011463,ENSG00000144730,IL17RD,IL17RD,D,D. Interleukin family,-1.293920641,-3.528782008,-2.234861367,0.262771124,0.003543687,0.066271257,0.985186108,0.073748079,0.539583702,109.28062,34.53417218,1.288913432,189.5089454,10.1303992,21.13197573,216.3511598,36.84031142,10.27774734,7.594165659,83.42446429,4.316836789,0.83881694,0,0
100861588,27189,ENSSSCG00000040406,ENSG00000124391,IL17C,IL17C,D,D. Interleukin family,-1.229518362,-0.679899084,0.549619278,0.53353256,0.730418431,0.782930699,1,0.962096426,0.995468295,15.79563313,5.734345168,1.048521174,18.04847099,11.05134458,0,34.08271695,1.842015571,2.569436835,1.265694277,17.26023399,0,4.194084698,0,0
102162772,27190,ENSSSCG00000014434,ENSG00000127743,IL17B,IL17B,D,D. Interleukin family,-1.023965437,-1.125074965,-0.101109528,0.244236777,0.203748871,0.909799293,0.979700901,0.717591315,1,83.17026563,48.96251738,21.15582443,69.18580547,27.62836145,216.6027512,19.26414436,86.57473184,5.13887367,6.328471383,97.80799261,14.56932416,2.097042349,50.682687,17.27424419
397615,3597,ENSSSCG00000012633,ENSG00000131724,IL13RA1,IL13RA1,D,D. Interleukin family,-1.007981149,-1.156409155,-0.148428005,0.041749183,0.020436668,0.767932697,0.689562072,0.245469997,0.992043131,254.0576869,114.5821921,105.2824958,251.1745546,138.1418072,278.67793,348.2364558,261.5662111,98.49507868,17.71971987,80.54775862,14.56932416,5.032901637,235.4292558,166.0985018
397057,3606,ENSSSCG00000015037,ENSG00000150782,IL18,IL18,D,D. Interleukin family,-0.854350716,-0.090568454,0.763782262,0.446358305,0.935546435,0.497669675,1,1,0.926417784,73.249088,42.93805191,54.88781988,19.55251024,3.683781526,84.52790293,185.2321573,143.6772145,7.708310505,8.859859936,11.50682266,0,4.613493168,62.12716471,152.8106217
100037932,55801,ENSSSCG00000039976,ENSG00000111536,IL26,IL26,D,D. Interleukin family,-0.459882578,-4.644866185,-4.184983608,0.801451736,0.021422675,0.038647215,1,0.252046689,0.405090515,27.71928788,7.170200975,0.437049121,1.504039249,17.49796225,0,91.87515003,9.210077855,4.282394725,15.18833132,0,0,0.41940847,0,1.328788014
397253,3574,ENSSSCG00000006161,ENSG00000104432,IL7,IL7,D,D. Interleukin family,-0.401801568,0.441970915,0.843772484,0.80348709,0.783683367,0.602123328,1,0.975545989,0.97287487,19.92394486,9.325227217,3.135525391,67.68176622,4.604726908,0,7.409286293,16.57814014,13.70366312,1.265694277,5.75341133,3.777232191,7.129943986,1.634925387,0
397614,3566,ENSSSCG00000007817,ENSG00000077238,IL4R,IL4R,D,D. Interleukin family,-0.393287148,0.360416721,0.753703869,0.308333914,0.349599712,0.051474968,0.995469771,0.804799499,0.47164019,330.9569051,211.9941227,327.7899151,251.1745546,217.3431101,410.7527783,444.5571776,469.7139706,123.3329681,92.39568219,162.5338701,66.37136564,40.2632131,564.0492586,640.4758229
100522257,259307,ENSSSCG00000003192,ENSG00000104951,IL4I1,IL4I1,D,D. Interleukin family,-0.389805938,-0.000960595,0.388845343,0.654726824,0.999121582,0.657773058,1,1,0.988430459,48.6076971,32.02470936,28.26514449,54.14541298,34.07497912,3.96224545,102.2481508,79.20666955,31.68972097,5.695624244,11.50682266,8.633673579,7.549352456,70.30179165,26.57576029
396814,3559,ENSSSCG00000022849,ENSG00000134460,IL2RA,IL2RA,D,D. Interleukin family,-0.293612525,0.283520724,0.577133249,0.859425604,0.86408306,0.728822985,1,0.998853622,0.988430459,15.85886513,13.4506405,4.055218875,0,1.841890763,5.282993933,56.31057583,29.47224914,0.856478945,1.898541415,21.57529249,0.539604599,5.871718577,9.809552323,0
399522,3570,ENSSSCG00000027628,ENSG00000160712,IL6R,IL6R,D,D. Interleukin family,-0.114864638,-1.289127784,-1.174263146,0.80727191,0.00739187,0.014952183,1,0.124416889,0.224645023,221.2775568,207.9566836,47.45392352,279.7513004,60.78239519,212.6405058,331.9360259,620.7592474,63.37944193,45.56499396,102.1230511,18.88616095,10.48521174,104.6352248,55.80909661
396589,3603,ENSSSCG00000001787,ENSG00000172349,IL16,IL16,D,D. Interleukin family,-0.00851778,0.101619222,0.110137002,0.989772274,0.878826867,0.869037904,1,1,1,98.8330354,81.94135461,50.69220659,117.3150615,34.9959245,121.5088605,121.5122952,197.0956661,5.995352615,45.56499396,79.10940579,18.88616095,17.61515573,114.4447771,51.82273256
100518910,23765,ENSSSCG00000000765,ENSG00000177663,IL17RA,IL17RA,D,D. Interleukin family,0.057832576,0.700094594,0.642262018,0.911228956,0.176571524,0.216008839,1,0.689926257,0.80043259,127.2202088,123.9132828,128.6047154,188.0049062,60.78239519,163.7728119,96.32072181,217.3578374,97.63859974,9.492707074,171.1639871,53.96045987,14.25988797,225.6197034,220.5788104
100621776,3560,ENSSSCG00000029668,ENSG00000100385,IL2RB,IL2RB,D,D. Interleukin family,0.091011259,-0.803084952,-0.894096211,0.85648894,0.11482031,0.079486176,1,0.617413745,0.587620818,220.3138748,248.3702467,98.61145872,200.0372202,105.9087189,191.5085301,383.80103,488.1341263,117.3376155,18.35256701,369.656678,16.72774256,7.129943986,134.0638818,236.5242666
100154041,64806,ENSSSCG00000028427,ENSG00000166090,IL25,IL25,D,D. Interleukin family,0.091944683,-0.295967341,-0.387912024,0.957675866,0.865212629,0.824140253,1,0.999090645,1,15.71404557,10.52589569,1.632879826,16.54443174,11.97228996,34.33946056,0,11.05209343,24.83788941,1.898541415,4.315058498,1.079209197,5.452310107,0,0
100271930,3575,ENSSSCG00000016832,ENSG00000168685,IL7R,IL7R,D,D. Interleukin family,0.202507449,-1.801748454,-2.004255903,0.903397468,0.293613679,0.242923829,1,0.773494526,0.814560378,26.01368595,40.01398948,1.186357955,12.03231399,0.920945382,18.49047877,72.61100567,106.8369031,0,0,53.2190548,2.158418395,1.258225409,0,1.328788014
100628112,7850,ENSSSCG00000028331,ENSG00000115590,IL1R2,IL1R2,D,D. Interleukin family,0.237044993,-3.818242543,-4.055287536,0.900025893,0.063298128,0.048624881,1,0.470835913,0.457318594,13.34620275,32.78370798,0.209704235,19.55251024,28.54930683,5.282993933,0,68.15457613,2.569436835,0,60.41081897,0,0.83881694,0,0
733692,3601,ENSSSCG00000021815,ENSG00000134470,IL15RA,IL15RA,D,D. Interleukin family,0.313040526,0.638059164,0.325018638,0.745919315,0.509651142,0.736965259,1,0.887505194,0.988430459,24.32278606,29.16489327,28.19672984,27.07270649,18.41890763,36.98095753,14.81857259,90.25876298,0.856478945,18.35256701,7.191764163,7.014859783,3.774676228,40.87313468,61.12424866
100037294,3572,ENSSSCG00000016916,ENSG00000134352,IL6ST,IL6ST,D,D. Interleukin family,0.327597024,-0.683530003,-1.011127026,0.524687975,0.188397347,0.051680912,1,0.702302453,0.472009906,265.6778904,323.6256421,124.7561402,470.7642851,146.4303157,235.09323,210.4237307,727.5961505,109.629305,90.49714077,366.7799723,17.80695176,25.16450819,420.1758245,35.87727639
100511742,9466,ENSSSCG00000013766,ENSG00000104998,IL27RA,IL27RA,D,D. Interleukin family,0.348303196,-0.416113807,-0.764417003,0.401478024,0.324925701,0.070463149,1,0.794867198,0.554051639,155.7279801,181.4006015,92.56303956,227.1099267,58.94050442,117.546615,219.3148743,432.8736592,53.10169459,56.95624244,182.6708097,12.41090577,10.90462021,263.2229873,83.71364491
100737180,284340,ENSSSCG00000003048,ENSG00000189377,CXCL17,CXCL17,C,C. CXCL & CXLR family,-5.043738744,-0.842596734,4.20114201,0.004981047,0.589958627,0.02045278,0.2623608,0.93096768,0.275436154,19.29787632,0.719176416,12.0542824,16.54443174,27.62836145,33.01871208,0,0,0,0,2.876705665,1.079209197,0.83881694,13.0794031,33.21970036
494019,3627,ENSSSCG00000032474,ENSG00000169245,CXCL10,CXCL10,C,C. CXCL & CXLR family,-1.652502598,-0.733580517,0.918922081,0.447738398,0.735202577,0.674919562,1,0.962972915,0.988430459,26.81334851,10.50389542,1.363077527,13.53635324,1.841890763,0,91.87515003,31.31426471,0,0.632847138,10.06846983,0,5.452310107,0,0
396880,3576,ENSSSCG00000008953,ENSG00000169429,CXCL8,CXCL8,C,C. CXCL & CXLR family,-1.068223223,-0.779052004,0.289171218,0.468850765,0.597747025,0.845493597,1,0.935272007,1,56.29376383,7.078027104,22.35960412,10.52827475,22.10268916,25.09422118,167.4498702,1.842015571,6.85183156,19.61826129,0,0,4.194084698,8.174626936,77.06970484
396735,58191,ENSSSCG00000017920,ENSG00000161921,CXCL16,CXCL16,C,C. CXCL & CXLR family,-1.005347884,0.280767178,1.286115061,0.041447837,0.566253266,0.009301027,0.688589496,0.920553781,0.160207833,199.1906914,85.08992539,224.2434651,151.9079642,145.5093703,291.8854148,207.4600162,167.623417,72.80071033,26.57957981,73.35599446,24.82181154,19.29278961,389.1122422,463.747017
396659,7852,ENSSSCG00000039416,ENSG00000121966,CXCR4,CXCR4,C,C. CXCL & CXLR family,-0.708611188,-0.230194427,0.478416761,0.614551116,0.870057595,0.735051049,1,1,0.988430459,33.62589526,28.44462991,35.57688249,31.58482424,45.1263237,0,57.79243308,58.94449827,14.56014207,0,40.27387931,0,1.677633879,55.58746317,85.04243292
494467,9547,ENSSSCG00000014310,ENSG00000145824,CXCL14,CXCL14,C,C. CXCL & CXLR family,0.016455465,-0.283273591,-0.299729056,0.98371818,0.727976995,0.713575909,1,0.962096426,0.988430459,41.45665252,29.56196394,20.13598759,27.07270649,44.20537832,14.52823332,80.02029196,44.2083737,38.54155253,13.92263704,21.57529249,7.014859783,5.871718577,27.79373158,39.86364043
100524265,10563,ENSSSCG00000036445,ENSG00000156234,CXCL13,CXCL13,C,C. CXCL & CXLR family,0.145288199,-7.424351367,-7.569639566,0.908700111,4.76E-06,3.11E-06,1,0.000325453,0.000272887,81.35416006,53.74248069,0,82.72215872,2.762836145,13.20748483,226.7241606,139.9931834,51.3887367,22.14964984,1.438352833,0,0,0,0
751869,4790,ENSSSCG00000030957,ENSG00000109320,NFKB1,NFKB1,E,E. Nuclear factor kappa family,-1.068356022,-0.477171326,0.591184697,0.013911674,0.27154359,0.176432666,0.442384743,0.764017928,0.768721471,411.41844,194.0121869,201.4878801,553.4864438,174.0586771,381.6963117,536.4323276,311.3006315,23.98141046,48.09638251,392.6703233,55.57927366,21.38983196,366.2232867,362.7591279
406188,4792,ENSSSCG00000001952,ENSG00000100906,NFKBIA,NFKBIA,E,E. Nuclear factor kappa family,-0.81431699,-0.046392622,0.767924368,0.088143579,0.922465593,0.109131791,0.880120132,1,0.670619772,353.7480717,197.7385494,253.3149657,306.8240069,68.14995824,706.6004385,333.4178832,418.1375346,98.49507868,24.04819125,250.2733929,63.13373804,21.38983196,609.8271694,318.9091235
100153829,4791,ENSSSCG00000010580,ENSG00000077150,NFKB2,NFKB2,E,E. Nuclear factor kappa family,-0.66587322,-0.47765322,0.18822,0.07136053,0.197049799,0.613322848,0.829569966,0.709181731,0.976482415,452.5075565,237.2359725,231.9147857,303.8159284,166.6911141,401.5075389,938.0156447,475.2400173,94.21268396,86.0672108,293.4239778,49.64362308,26.00332513,483.9379146,368.07428
100153486,4794,ENSSSCG00000001703,ENSG00000146232,NFKBIE,NFKBIE,E,E. Nuclear factor kappa family,-0.584971947,0.605718045,1.190689991,0.196541593,0.178225763,0.008659273,0.97175795,0.692313815,0.15213111,198.8908164,93.29673462,201.4668311,216.5816519,82.88508434,124.1503574,371.9461719,136.3091523,43.6804262,49.36207679,143.8352833,51.26243687,22.2286489,299.1913459,433.1848927
100621111,4793,ENSSSCG00000026904,ENSG00000104825,NFKBIB,NFKBIB,E,E. Nuclear factor kappa family,-0.497125977,0.906654011,1.403779988,0.611076227,0.350731757,0.150797424,1,0.80619908,0.739832521,44.50446839,18.80163384,57.98612713,18.04847099,45.1263237,30.37721511,84.46586374,38.68232699,16.27309996,20.25110842,0,19.96537015,8.388169396,65.39701549,138.1939535
100524441,84807,ENSSSCG00000002917,ENSG00000167604,NFKBID,NFKBID,E,E. Nuclear factor kappa family,-0.025385995,1.583930401,1.609316395,0.952461215,0.00016464,0.000139342,1,0.006538621,0.006511476,103.9068008,86.65360769,218.1058315,139.8756502,62.62428595,87.16939989,125.957867,173.1494637,75.37014716,18.98541415,79.10940579,67.99017943,20.97042349,366.2232867,417.2394365
100520981,64332,ENSSSCG00000011951,ENSG00000144802,NFKBIZ,NFKBIZ,E,E. Nuclear factor kappa family,0.163659258,0.184199027,0.020539769,0.713617237,0.68033608,0.963381876,1,0.957095333,1,313.2702853,302.8784355,310.3958029,288.7755359,88.41075663,412.0735268,463.8213219,464.1879239,208.9808626,39.23652257,499.1084329,37.23271731,19.71219808,748.7958273,435.8424687
100154350,4795,ENSSSCG00000001402,ENSG00000204498,NFKBIL1,NFKBIL1,E,E. Nuclear factor kappa family,0.407874321,0.122668475,-0.285205846,0.552408066,0.859319662,0.680043452,1,0.997348888,0.988430459,59.83298773,71.28211481,35.534089,82.72215872,36.83781526,26.41496966,93.35700729,138.1511678,55.67113143,10.75840135,80.54775862,25.36141614,2.935859288,89.9208963,23.91818426
100125969,338376,ENSSSCG00000005136,ENSG00000184995,IFNE,IFNE,F,F. Interferon family,-7.579883025,-3.283965312,4.295917713,9.73E-05,0.056057199,0.031337354,0.019961348,0.44140393,0.357594471,62.93010589,0,8.174626936,135.3635324,15.65607149,36.98095753,63.71986212,0,0,0,0,0,0,32.69850774,0
100533555,3455,ENSSSCG00000036556,ENSG00000159110,IFNAR2,IFNAR2,F,F. Interferon family,-0.296776949,-0.250434972,0.046341977,0.520575813,0.589231225,0.920727165,1,0.930887421,1,230.8491942,202.4406416,152.5451585,154.9160427,88.41075663,207.3575119,472.7124655,545.236609,47.10634198,40.50221685,176.9173984,33.45548512,9.646394805,353.1438836,213.9348703
100152238,3459,ENSSSCG00000004156,ENSG00000027697,IFNGR1,IFNGR1,F,F. Interferon family,-0.223205298,0.138976546,0.362181844,0.760559648,0.849614479,0.622096335,1,0.996255864,0.980320919,124.5342575,105.5224113,125.6940379,63.16964847,16.57701687,311.696642,106.6937226,217.3578374,34.2591578,20.88395556,149.5886946,3.777232191,10.90462021,264.8579127,223.2363864
100126864,3460,ENSSSCG00000034378,ENSG00000159128,IFNGR2,IFNGR2,F,F. Interferon family,-0.192511982,-0.158878546,0.033633436,0.686494761,0.740017035,0.944172417,1,0.964449459,1,224.1556397,161.8264009,98.19422147,200.0372202,94.85737431,96.41463927,505.3133252,311.3006315,66.80535771,56.32339531,212.8762192,39.3911357,28.10036748,204.3656734,120.9197093
100622120,163702,ENSSSCG00000032860,ENSG00000185436,IFNLR1,IFNLR1,F,F. Interferon family,0.130380617,1.675971199,1.545590582,0.918532688,0.184563547,0.222067479,1,0.702302453,0.807466379,14.58868631,9.07165234,15.55924304,16.54443174,9.209453816,0,32.60085969,7.368062284,10.27774734,5.695624244,12.94517549,0.539604599,15.09870491,35.96835852,10.63030412
396658,3454,ENSSSCG00000033115,ENSG00000142166,IFNAR1,IFNAR1,F,F. Interferon family,0.226567527,-0.498420875,-0.724988403,0.501511369,0.145294168,0.034269708,1,0.661263515,0.376718254,302.0364508,312.3597671,130.1464487,281.2553396,87.48981125,249.6214633,589.7791889,644.7054498,143.8884628,69.61318521,391.2319704,33.45548512,22.64805737,266.4928381,197.9894141
100524628,7293,ENSSSCG00000003331,ENSG00000186827,TNFRSF4,TNFRSF4,G,G. Tumor necrosis factor family,-2.215345636,0.493987333,2.709332969,0.449725112,0.864269373,0.355634302,1,0.998888857,0.869799531,10.95283985,5.526046713,19.26742621,0,15.65607149,0,28.15528791,22.10418685,0,0,0,0,0,0,77.06970484
100217378,114898,ENSSSCG00000035993,ENSG00000145861,C1QTNF2,C1QTNF2,G,G. Tumor necrosis factor family,-1.988325304,-0.51521362,1.473111684,0.291753016,0.782830318,0.437228576,0.995282672,0.975241295,0.912866886,21.24577747,4.411452406,2.656018857,28.57674574,31.31214297,25.09422118,0,7.368062284,10.27774734,0,0,2.698022993,6.291127047,1.634925387,0
574053,7292,ENSSSCG00000015488,ENSG00000117586,TNFSF4,TNFSF4,G,G. Tumor necrosis factor family,-1.865636289,-0.263061369,1.60257492,0.040477534,0.765539048,0.082500152,0.678932766,0.968983805,0.598557565,30.25748731,9.228355051,21.06941904,22.56058874,18.41890763,72.64116658,7.409286293,18.42015571,4.282394725,1.265694277,12.94517549,3.777232191,2.935859288,52.31761239,25.24697227
100513161,27242,ENSSSCG00000001727,ENSG00000146072,TNFRSF21,TNFRSF21,G,G. Tumor necrosis factor family,-1.622772272,-2.009648414,-0.386876143,5.39E-05,6.97E-07,0.342794743,0.013371851,6.36E-05,0.869799531,796.935455,240.92314,141.3477684,839.2539011,688.8671454,960.1841473,699.4366261,458.6618772,203.8419889,53.79200675,247.3966872,57.19808746,14.67929644,258.3182112,235.1954786
100522001,388121,ENSSSCG00000031794,ENSG00000183578,TNFAIP8L3,TNFAIP8L3,G,G. Tumor necrosis factor family,-1.298840988,0.80960036,2.108441347,NA,NA,NA,NA,NA,NA,16.67089416,1.265694277,4.654282547,0,0,0,66.68357664,0,0,5.062777106,0,0,8.807577865,9.809552323,0
100038026,10673,ENSSSCG00000009542,ENSG00000102524,TNFSF13B,TNFSF13B,G,G. Tumor necrosis factor family,-1.042739696,1.64648041,2.689220105,0.085402293,0.00512786,7.98E-06,0.871011031,0.095370502,0.000601734,65.08841664,35.62726702,151.9153723,39.10502048,42.36348755,27.73571815,151.1494404,101.3108564,14.56014207,5.062777106,21.57529249,23.20299774,23.90628278,304.096122,256.4560868
100524014,25816,ENSSSCG00000040617,ENSG00000145779,TNFAIP8,TNFAIP8,G,G. Tumor necrosis factor family,-0.974790949,-0.128944752,0.845846197,0.185537637,0.860326303,0.254331899,0.97175795,0.997799399,0.824891185,88.19124058,35.86332683,50.82684627,194.0210632,18.41890763,15.8489818,124.4760097,99.46884083,18.84253679,10.75840135,14.38352833,13.49011497,5.871718577,130.794031,53.15152058
100736831,8744,ENSSSCG00000022370,ENSG00000125657,TNFSF9,TNFSF9,G,G. Tumor necrosis factor family,-0.893030627,2.730110973,3.6231416,0.6084345,0.103692852,0.03510849,1,0.594321015,0.382395221,8.272215872,3.697707657,37.41739751,33.08886349,0,0,0,9.210077855,0,1.265694277,4.315058498,1.079209197,3.355267758,37.60328391,107.6318292
110260624,115650,ENSSSCG00000039074,ENSG00000159958,TNFRSF13C,TNFRSF13C,G,G. Tumor necrosis factor family,-0.803380313,-1.973736807,-1.170356494,0.676068637,0.312559807,0.550946325,1,0.787576818,0.9461604,26.06304415,16.53414451,0.733964822,13.53635324,11.05134458,51.50919085,28.15528791,51.57643599,14.56014207,0,0,0,2.935859288,0,0
100519468,8740,ENSSSCG00000026695,ENSG00000125735,TNFSF14,TNFSF14,G,G. Tumor necrosis factor family,-0.72606249,1.312140088,2.038202578,0.4456157,0.15882409,0.031431685,1,0.674341865,0.358520938,25.01350655,13.70480995,38.21285828,18.04847099,11.97228996,21.13197573,48.90128953,44.2083737,4.282394725,6.328471383,0,16.18813796,5.452310107,104.6352248,26.57576029
100127163,8742,ENSSSCG00000040188,ENSG00000239697,TNFSF12,TNFSF12,G,G. Tumor necrosis factor family,-0.614873862,0.642538507,1.257412369,0.494866132,0.471011904,0.163368325,1,0.864761726,0.756680419,31.86936213,21.50432884,48.91402701,18.04847099,20.2607984,34.33946056,54.82871857,38.68232699,17.1295789,0,30.20540948,4.856441388,4.613493168,156.9528372,29.23333632
100127162,8741,ENSSSCG00000036521,ENSG00000161955,TNFSF13,TNFSF13,G,G. Tumor necrosis factor family,-0.488851629,-0.535444262,-0.046592633,0.476722564,0.439670883,0.94683829,1,0.863315089,1,70.65217821,47.73738796,35.42922988,55.64945223,19.33985301,59.43368174,148.1857259,86.57473184,29.12028413,1.898541415,73.35599446,7.554464381,3.355267758,88.28597091,42.52121646
110258335,7127,ENSSSCG00000036612,ENSG00000185215,TNFAIP2,TNFAIP2,G,G. Tumor necrosis factor family,-0.377655888,0.248212263,0.625868151,0.214455236,0.413985548,0.040394661,0.974066289,0.849658424,0.41605433,476.4333723,333.8190562,375.0226749,514.3814233,291.0187406,357.922839,742.4104866,631.8113408,203.8419889,75.30880945,424.3140856,136.5199635,42.36025545,704.6528419,616.5576387
100624969,9966,ENSSSCG00000034087,ENSG00000181634,TNFSF15,TNFSF15,G,G. Tumor necrosis factor family,-0.307770269,-3.109570805,-2.801800536,0.750281212,0.003572611,0.008925496,1,0.074031837,0.155372119,46.14466186,33.92583644,2.233462174,33.08886349,16.57701687,23.7734727,111.1392944,44.2083737,20.55549468,1.898541415,69.04093596,0,1.677633879,3.269850774,3.986364043
100517087,608,ENSSSCG00000032578,ENSG00000048462,TNFRSF17,TNFRSF17,G,G. Tumor necrosis factor family,-0.057827765,-2.975513408,-2.917685644,0.96764577,0.041035879,0.045239195,1,0.375838507,0.442086743,106.3612915,103.2604784,1.363077527,230.1180052,46.04726908,39.6224545,109.6574371,250.5141177,76.22662611,0,86.30116995,0,5.452310107,0,0
100624226,8797,ENSSSCG00000009633,ENSG00000104689,TNFRSF10A,TNFRSF10A,G,G. Tumor necrosis factor family,0.041377006,0.366242912,0.324865906,0.900712425,0.27031982,0.329510753,1,0.764017928,0.85991118,261.3760206,225.6238414,212.0651124,303.8159284,76.43846667,268.1119421,397.1377453,504.7122664,106.2033892,71.51172662,220.0679834,37.77232191,43.19907239,443.0647799,324.2242755
100622156,7128,ENSSSCG00000004154,ENSG00000118503,TNFAIP3,TNFAIP3,G,G. Tumor necrosis factor family,0.045691255,0.554673325,0.50898207,0.908319733,0.162050028,0.200253222,1,0.678824163,0.787472177,289.8985842,257.3956201,316.4342502,260.1987901,113.2762819,212.6405058,573.4787591,585.7609516,157.5921259,63.28471383,222.944689,75.00503921,20.97042349,598.3826917,571.3788462
100737417,7126,ENSSSCG00000024626,ENSG00000109079,TNFAIP1,TNFAIP1,G,G. Tumor necrosis factor family,0.110295303,0.043921556,-0.066373747,0.839043382,0.935947048,0.903516749,1,1,1,93.74705904,74.7834049,61.87895259,157.9241212,59.8614498,108.3013756,48.90128953,130.7831055,74.51366822,29.11096836,64.72587746,18.88616095,13.00166256,143.8734341,71.75455278
100627067,8795,ENSSSCG00000041954,ENSG00000120889,,TNFRSF10B,G,G. Tumor necrosis factor family,0.150389549,0.493258131,0.342868582,0.841442977,0.512105827,0.648918728,1,0.889159802,0.986657389,80.1642519,81.21436875,90.33996898,30.08078499,44.20537832,142.6408362,103.7300081,62.62852941,69.37479455,4.429929968,188.4242211,7.014859783,17.61515573,215.8101511,120.9197093
106508259,23495,ENSSSCG00000040134,ENSG00000240505,TNFRSF13B,TNFRSF13B,G,G. Tumor necrosis factor family,0.205660765,-2.716310368,-2.921971133,0.809505527,0.002806526,0.00131449,1,0.061335017,0.038564027,72.49428229,81.37018081,2.604615579,118.8191007,33.15403374,71.32041809,66.68357664,104.9948875,20.55549468,15.82117846,184.1091626,2.158418395,3.355267758,4.904776162,0
397231,959,ENSSSCG00000030172,ENSG00000102245,CD40LG,CD40LG,H,H. Cluster of differentiation family,-1.796118935,0.039638892,1.835757827,0.405694822,0.985173286,0.396991277,1,1,0.890136841,16.99268237,6.101142806,2.127730372,0,0,50.18844236,17.7822871,20.26217128,0,1.265694277,2.876705665,4.316836789,4.194084698,0,0
396785,909,ENSSSCG00000025644,ENSG00000158477,,CD1A,H,H. Cluster of differentiation family,-1.606191676,-1.253879244,0.352312432,0.236366352,0.356261199,0.798826389,0.97816162,0.809899423,0.999140617,32.06123776,5.976685806,3.995759801,16.54443174,10.1303992,54.15068781,47.41943227,0,11.13422629,1.265694277,11.50682266,3.237627592,2.935859288,9.809552323,0
396661,915,ENSSSCG00000015093,ENSG00000167286,CD3D,CD3D,H,H. Cluster of differentiation family,-1.344822474,-0.652285852,0.692536623,0.186201402,0.519942106,0.501920461,0.97175795,0.893408106,0.926417784,39.67883224,15.78326598,24.02413836,25.56866724,33.15403374,18.49047877,81.50214922,36.84031142,0,7.594165659,18.69858682,1.618813796,1.677633879,34.33343313,58.46667263
397067,928,ENSSSCG00000022230,ENSG00000010278,CD9,CD9,H,H. Cluster of differentiation family,-1.255843636,1.139649794,2.39549343,0.003866545,0.007659036,3.40E-08,0.229836183,0.127265012,5.36E-06,257.1737534,81.45363189,395.2231434,195.5251024,69.991849,376.4133177,386.7647445,97.62682526,66.80535771,18.98541415,142.3969304,106.3021059,41.52143851,918.8280676,514.2409616
396743,1604,ENSSSCG00000015664,ENSG00000196352,CD55,CD55,H,H. Cluster of differentiation family,-1.082605577,-0.99591423,0.086691346,0.042935979,0.064335425,0.873769018,0.696367919,0.47364483,1,126.156762,60.6713756,64.4721543,130.8514147,129.8532988,150.5653271,93.35700729,128.94109,37.68507358,17.08687273,58.97246613,7.554464381,6.710535517,179.8417926,63.78182469
100270689,3732,ENSSSCG00000029521,ENSG00000085117,CD82,CD82,H,H. Cluster of differentiation family,-1.046908588,-0.018749103,1.028159485,0.075888924,0.974538964,0.08244137,0.841938262,1,0.598385297,187.893889,99.51021499,136.8866129,154.9160427,154.7188241,252.2629603,189.6777291,232.0939619,80.50902083,6.328471383,79.10940579,60.97531965,8.807577865,287.7468681,190.0166861
100621208,10421,ENSSSCG00000007791,ENSG00000169217,CD2BP2,CD2BP2,H,H. Cluster of differentiation family,-0.859018011,0.179219736,1.038237747,0.15613972,0.765795179,0.088091011,0.956983775,0.968983805,0.618642217,99.27409595,56.9576332,74.40078562,97.76255121,78.28035744,34.33946056,186.7140146,138.1511678,17.1295789,16.4540256,56.09576047,29.13864833,7.129943986,89.9208963,171.4136539
397302,919,ENSSSCG00000006309,ENSG00000198821,CD247,CD247,H,H. Cluster of differentiation family,-0.853211472,-0.527451152,0.32576032,0.227161222,0.456600233,0.650602667,0.97622285,0.863315089,0.987211121,55.56480463,32.69791255,18.12456104,60.16156997,40.52159679,23.7734727,97.80257907,64.47054498,17.1295789,3.164235691,46.02729064,11.87130117,5.032901637,34.33343313,21.26060823
397347,,ENSSSCG00000024791,ENSG00000085063,CD59,CD59,H,H. Cluster of differentiation family,-0.756310478,-3.892194604,-3.135884126,0.338736422,1.01E-05,0.000402076,1,0.000610136,0.014986667,101.5596811,80.47086043,4.838918941,129.3473754,46.04726908,124.1503574,106.6937226,221.0418685,17.1295789,3.164235691,80.54775862,0,1.677633879,16.34925387,1.328788014
100525150,960,ENSSSCG00000013297,ENSG00000026508,CD44,CD44,H,H. Cluster of differentiation family,-0.743176184,0.417610921,1.160787104,0.02304737,0.200227893,0.000391933,0.546803869,0.714026641,0.014786882,877.4621362,524.3062357,969.1587153,1171.646575,464.1564723,733.0154082,1141.030089,1339.14532,262.0825572,101.8883893,394.1086761,150.549683,72.1382568,1701.957328,1951.989593
100153704,80381,ENSSSCG00000001917,ENSG00000103855,CD276,CD276,H,H. Cluster of differentiation family,-0.628211428,-1.856630386,-1.228418958,0.28529888,0.001950964,0.041238222,0.99200098,0.046611307,0.420413086,209.1831197,120.9370466,30.28857165,267.7189864,152.8769333,269.4326906,146.7038686,182.3595415,71.94423138,36.70513402,192.7392796,26.98022993,2.097042349,58.85731394,33.21970036
100153761,9398,ENSSSCG00000006734,ENSG00000134256,CD101,CD101,H,H. Cluster of differentiation family,-0.603062229,0.390052228,0.993114457,0.703771422,0.80502783,0.532108207,1,0.982211087,0.934056508,22.16135286,10.10082726,8.801607371,12.03231399,12.89323534,0,63.71986212,29.47224914,0,9.492707074,1.438352833,0.539604599,8.807577865,3.269850774,22.58939624
100038011,971,ENSSSCG00000005311,ENSG00000137101,CD72,CD72,H,H. Cluster of differentiation family,-0.548786735,-0.248299707,0.300487028,0.564362939,0.794583746,0.753987394,1,0.979152835,0.988430459,69.27215484,56.61584745,22.74401748,64.67368772,13.81418072,11.88673635,186.7140146,187.8855882,11.13422629,4.429929968,23.01364532,7.554464381,8.807577865,8.174626936,66.43940072
100154585,23607,ENSSSCG00000030197,ENSG00000198087,CD2AP,CD2AP,H,H. Cluster of differentiation family,-0.477237385,-0.805377941,-0.328140556,0.240797579,0.050298961,0.428092321,0.979700901,0.419424466,0.907754014,232.1683282,190.5562422,107.3703613,227.1099267,128.9323534,359.2435874,213.3874452,440.2417215,49.67577881,33.54089833,238.7665702,28.05943913,8.388169396,268.1277635,124.9060734
100520023,939,ENSSSCG00000000705,ENSG00000139193,CD27,CD27,H,H. Cluster of differentiation family,-0.268316172,-0.728675946,-0.460359774,0.84744647,0.60438704,0.744173162,1,0.93831709,0.988430459,30.52962033,29.21750028,7.895362271,85.73023721,16.57701687,19.81122725,0,49.73442042,0.856478945,4.429929968,61.8491718,7.014859783,1.677633879,22.88895542,0
100513519,923,ENSSSCG00000013111,ENSG00000013725,CD6,CD6,H,H. Cluster of differentiation family,-0.265148315,-0.86757654,-0.602428225,0.725537367,0.25804517,0.434372253,1,0.755072833,0.910987335,59.23174072,51.51934593,30.25987397,51.13733448,50.65199599,46.22619691,88.91143552,112.3629498,8.564789451,18.98541415,66.1642303,1.079209197,2.935859288,35.96835852,81.05606888
100513336,921,ENSSSCG00000013115,ENSG00000110448,CD5,CD5,H,H. Cluster of differentiation family,-0.24518537,-0.532217814,-0.287032445,0.722306272,0.445370792,0.682144714,1,0.863315089,0.988430459,76.65960866,60.77399988,21.97984964,153.4120034,21.18174378,59.43368174,72.61100567,134.4671367,6.85183156,18.35256701,83.42446429,15.64853336,4.613493168,27.79373158,39.86364043
397160,947,ENSSSCG00000039946,ENSG00000174059,CD34,CD34,H,H. Cluster of differentiation family,-0.180768352,1.136867552,1.317635904,0.739297416,0.035324087,0.015090868,1,0.34264303,0.226230357,140.1184146,91.97450936,204.6730615,228.6139659,45.1263237,212.6405058,74.09286293,139.9931834,73.65718927,29.11096836,125.1366964,79.8614806,20.55101502,600.0176171,118.2621333
100511702,952,ENSSSCG00000008742,ENSG00000004468,CD38,CD38,H,H. Cluster of differentiation family,-0.16371561,-0.563735039,-0.400019428,0.779642541,0.3394491,0.499108673,1,0.796090256,0.926417784,153.9487301,115.188487,62.82526137,166.9483567,39.60065141,155.848321,253.3975912,241.3040398,12.84718418,51.2606182,155.3421059,8.09406898,15.09870491,111.1749263,116.9333453
396922,4179,ENSSSCG00000038506,ENSG00000117335,CD46,CD46,H,H. Cluster of differentiation family,-0.156710147,0.098879716,0.255589863,0.66561225,0.785595775,0.483709189,1,0.976554034,0.926417784,266.2399612,219.0728718,242.203239,326.3765171,124.3276265,224.5272421,389.728459,510.2383132,87.3608524,65.81610238,212.8762192,29.67825293,17.61515573,479.0331385,442.4864088
100626182,4345,ENSSSCG00000027820,ENSG00000091972,CD200,CD200,H,H. Cluster of differentiation family,-0.118159585,-0.870721227,-0.752561642,0.847035034,0.16028311,0.226015171,1,0.675709825,0.808046418,134.5359715,85.34182663,53.02003219,156.4200819,69.991849,202.0745179,109.6574371,191.5696194,32.54619991,68.34749093,48.90399631,16.72774256,6.710535517,148.7782102,39.86364043
100153365,9308,ENSSSCG00000021576,ENSG00000112149,CD83,CD83,H,H. Cluster of differentiation family,-0.079544136,1.296441025,1.375985161,0.923884908,0.117901936,0.097730077,1,0.62633108,0.643902697,78.19611968,60.17786088,128.0921813,13.53635324,34.9959245,56.79218478,207.4600162,134.4671367,2.569436835,36.07228688,67.60258313,39.9307403,10.06580327,148.7782102,313.5939714
397161,941,ENSSSCG00000011899,ENSG00000121594,CD80,CD80,H,H. Cluster of differentiation family,-0.07628845,-0.735293714,-0.659005265,0.906734791,0.267332156,0.321874475,1,0.76370525,0.856532056,75.36025185,54.08898773,22.90973185,73.69792322,23.02363454,83.20715444,121.5122952,99.46884083,10.27774734,30.37666264,76.23270012,10.79209197,4.194084698,26.1588062,50.49394455
100152398,963,ENSSSCG00000006800,ENSG00000143119,CD53,CD53,H,H. Cluster of differentiation family,-0.070165884,0.266714286,0.33688017,0.900365903,0.634534052,0.549261482,1,0.950216104,0.945015143,155.9392417,146.8209794,139.4718165,218.0856912,35.91686988,42.26395146,327.4904541,401.5593945,44.53690514,24.68103839,116.5065794,21.04457935,13.00166256,356.4137344,167.4272898
100155929,967,ENSSSCG00000000361,ENSG00000135404,CD63,CD63,H,H. Cluster of differentiation family,0.019634141,-0.960221928,-0.979856069,0.962301128,0.02279254,0.020357543,1,0.262947847,0.274967928,303.8988751,322.8508051,108.9693855,293.2876536,105.9087189,268.1119421,548.2871857,882.3254585,119.0505734,51.2606182,238.7665702,12.41090577,18.45397267,204.3656734,200.6469902
397441,942,ENSSSCG00000011877,ENSG00000114013,CD86,CD86,H,H. Cluster of differentiation family,0.032077374,-0.538148192,-0.570225566,0.967526512,0.498596522,0.474040385,1,0.880327931,0.926417784,94.84304543,89.39670568,31.67492987,61.66560922,3.683781526,73.96191506,240.0608759,239.4620242,29.12028413,17.08687273,71.91764163,3.777232191,11.32402868,63.7620901,47.83636852
397165,969,ENSSSCG00000000653,ENSG00000110848,CD69,CD69,H,H. Cluster of differentiation family,0.034044757,-2.256355776,-2.290400533,0.973196413,0.03359735,0.03125454,1,0.332804821,0.357056043,58.00043219,53.37485636,3.166454108,130.8514147,4.604726908,22.45272421,74.09286293,114.2049654,16.27309996,8.227012798,74.79434729,0,3.774676228,4.904776162,3.986364043
100155660,22918,ENSSSCG00000007116,ENSG00000125810,CD93,CD93,H,H. Cluster of differentiation family,0.03495129,1.307539004,1.272587714,0.939284244,0.004165203,0.005398397,1,0.082566394,0.108331895,150.9329108,156.3999086,292.1439405,236.1341622,95.77831969,176.9802968,94.83886455,338.9308651,55.67113143,41.13506399,189.8625739,104.1436875,16.77633879,797.843589,249.8121467
397042,961,ENSSSCG00000011942,ENSG00000196776,CD47,CD47,H,H. Cluster of differentiation family,0.073800741,0.122807083,0.049006341,0.848600017,0.75164261,0.899670884,1,0.967578059,1,248.4590727,286.6140768,232.7636428,162.4362389,143.6674795,363.2058329,324.5267396,569.1828114,93.35620501,48.09638251,435.8209083,30.75746212,26.84214207,555.8746317,317.5803354
100511130,962,ENSSSCG00000006379,ENSG00000117091,CD48,CD48,H,H. Cluster of differentiation family,0.085077358,0.532782568,0.44770521,0.929630467,0.580336333,0.642672061,1,0.927030299,0.986645539,53.40825181,70.29155453,63.01751339,63.16964847,23.02363454,0,127.4397242,189.7276038,12.84718418,3.79708283,74.79434729,5.935650585,5.871718577,140.6035833,99.65910108
103158530,968,ENSSSCG00000017956,ENSG00000129226,CD68,CD68,H,H. Cluster of differentiation family,0.099036038,-0.032566308,-0.131602346,0.880386419,0.960669094,0.842185337,1,1,1,167.6635265,154.8755133,133.2214902,151.9079642,42.36348755,79.24490899,397.1377453,349.9829585,86.50437345,29.11096836,153.9037531,10.79209197,5.032901637,135.6988071,381.3621601
397455,916,ENSSSCG00000040140,ENSG00000198851,CD3E,CD3E,H,H. Cluster of differentiation family,0.131982662,-0.953163455,-1.085146117,0.890682489,0.327717219,0.265593217,1,0.794867198,0.82696214,62.5857206,75.98059536,16.38048255,148.8998857,26.70741607,55.4714363,19.26414436,198.9376817,9.421268396,16.4540256,79.10940579,0,8.807577865,47.41283623,9.301516101
397395,958,ENSSSCG00000035078,ENSG00000101017,CD40,CD40,H,H. Cluster of differentiation family,0.208279031,0.732736945,0.524457914,0.730964523,0.226167167,0.386911356,1,0.729493001,0.883657947,65.17832377,69.86320418,75.34743152,27.07270649,18.41890763,69.99966961,145.2220113,147.3612457,38.54155253,10.12555421,83.42446429,15.64853336,7.549352456,116.0797025,162.1121378
396660,972,ENSSSCG00000033262,ENSG00000019582,CD74,CD74,H,H. Cluster of differentiation family,0.230461393,0.65644095,0.425979557,0.487847166,0.048164299,0.199800616,1,0.410276221,0.787392106,2989.407945,3287.188474,2580.630192,2540.322292,1264.458009,2456.592179,5696.259302,7935.40308,1555.365764,762.5808016,2895.404252,1245.947018,340.5596775,3799.5666,4936.447474
404704,920,ENSSSCG00000000687,ENSG00000010610,CD4,CD4,H,H. Cluster of differentiation family,0.282014301,-1.907112214,-2.189126515,0.725523471,0.020002307,0.007584466,1,0.241907339,0.138975539,142.8922029,189.1488074,31.11635696,231.6220444,101.303992,23.7734727,214.8693025,521.2904066,46.24986303,48.09638251,140.9585776,4.856441388,0.83881694,9.809552323,108.9606172
100152851,8832,ENSSSCG00000006381,ENSG00000066294,CD84,CD84,H,H. Cluster of differentiation family,0.297571545,1.723059648,1.425488103,0.595115952,0.001977535,0.010499013,1,0.047081213,0.174562621,105.9953362,123.1178057,285.5667068,139.8756502,50.65199599,114.905118,118.5485807,364.7190831,18.84253679,55.69054817,53.2190548,39.9307403,24.32569125,477.3982131,600.6121825
100520753,968,ENSSSCG00000008769,ENSG00000129226,CD68,CD68,H,H. Cluster of differentiation family,3.037068853,8.102489996,5.065421143,0.016849724,5.44E-11,4.63E-07,0.476514355,1.34E-08,5.05E-05,0.690709036,4.875684508,243.7463385,0,2.762836145,0,0,11.05209343,0.856478945,7.594165659,0,60.97531965,18.45397267,482.3029892,413.2530725
